epoch,train_mae,val_mae,lr
1,0.30398293195923753,0.252222766735892,0.0009999902291237877
2,0.2502487714189245,0.24136793020652447,0.000999960916880889
3,0.24455024287598134,0.23869635684257381,0.0009999120644285004
4,0.24172297459139344,0.23585328586856633,0.0009998436736952335
5,0.23965162521652933,0.2345490395057221,0.0009997557473810372
6,0.2382689984850596,0.23289771745793492,0.0009996482889570919
7,0.23730337581188304,0.23270098665138447,0.000999521302665672
8,0.23658140032366207,0.23220385967697957,0.0009993747935199788
9,0.23569365318185703,0.23072733595318423,0.0009992087673039427
10,0.23494755753976562,0.23037652298936903,0.0009990232305719946
11,0.23443991355097987,0.22958853718984382,0.0009988181906488065
12,0.23387502505506935,0.23020980109858308,0.0009985936556290039
13,0.23352416445051416,0.22944603764750116,0.0009983496343768446
14,0.23307655715773326,0.22832519575938026,0.0009980861365258703
15,0.23262648147519757,0.22772165590384172,0.0009978031724785245
16,0.23235204105294022,0.22740133193800255,0.0009975007534057435
17,0.232032382700947,0.2273269723039963,0.0009971788912465143
18,0.23181516290374393,0.22743507071453756,0.0009968375987074042
19,0.23172002278142192,0.22717732752135955,0.0009964768892620577
20,0.231546088431596,0.22717809905132408,0.0009960967771506667
21,0.23149626304182555,0.22681519507975506,0.0009956972773794057
22,0.2313722671222312,0.22681415294131696,0.0009952784057198423
23,0.23127125954933236,0.22641348670724473,0.0009948401787083121
24,0.23115274504377906,0.2266524178923325,0.0009943826136452672
25,0.23106008063284744,0.2267273940559607,0.000993905728594593
26,0.23100443360261677,0.22681329498688044,0.0009934095423828945
27,0.23091143948846532,0.226222743055993,0.0009928940745987538
28,0.23085487494426288,0.2261420183691063,0.0009923593455919565
29,0.23078237683086703,0.22603353453256467,0.000991805376472688
30,0.2307357385426144,0.22608981979379159,0.0009912321891107007
31,0.2306708571059728,0.22599081125351808,0.0009906398061344502
32,0.23056605916045345,0.22608179450709928,0.0009900282509302022
33,0.23061553967494097,0.2259827766506072,0.0009893975476411086
34,0.23050474865786375,0.22603638753046731,0.0009887477211662557
35,0.23047651017053528,0.2258427719950056,0.00098807879715968
36,0.2303818156018496,0.22571976179052325,0.0009873908020293558
37,0.2303723568531021,0.22571931527433833,0.0009866837629361528
38,0.23034185890399453,0.22563055644227492,0.0009859577077927636
39,0.23028336872704264,0.22552734289933576,0.0009852126652626022
40,0.23022461759193372,0.22559203350783522,0.0009844486647586721
41,0.23020774076043896,0.22608092376641317,0.000983665736442405
42,0.2301962062587189,0.22558266126822543,0.0009828639112224701
43,0.23015436581515517,0.22548034748678264,0.0009820432207535545
44,0.23010262898121703,0.22568191481446961,0.000981203697435112
45,0.23008328323430885,0.2254201699673536,0.0009803453744100864
46,0.2300553356924024,0.22569935642761232,0.0009794682855636006
47,0.2300683809744439,0.22548902893564166,0.0009785724655216206
48,0.2300029250166234,0.22611260284369894,0.0009776579496495877
49,0.22996514052159048,0.2253047481927715,0.0009767247740510227
50,0.22997166292970053,0.22569207143009898,0.0009757729755661004
51,0.22990787370038943,0.22544963057922185,0.0009748025917701951
52,0.22996229257583498,0.2256004723522368,0.0009738136609723976
53,0.22992674315049322,0.22544582396761642,0.0009728062222140026
54,0.22987474905785205,0.22536515902912993,0.0009717803152669672
55,0.22983111120196356,0.22518208186918173,0.0009707359806323409
56,0.2298474330453114,0.22531287615860007,0.0009696732595386669
57,0.22979131991825621,0.22515530832370503,0.0009685921939403544
58,0.22980876199437292,0.22556216108352703,0.0009674928265160221
59,0.22977987061313493,0.225181465420479,0.0009663752006668135
60,0.22976415209508738,0.22522711541515564,0.0009652393605146835
61,0.22973913074785185,0.22537812680529526,0.0009640853509006565
62,0.2297469817914532,0.22519992299180772,0.0009629132173830558
63,0.22971628951013995,0.22518287753833435,0.000961723006235706
64,0.22966992152464627,0.22516316589775387,0.000960514764446105
65,0.2296646896211817,0.22507533160736443,0.0009592885397135698
66,0.2296591729082068,0.2250373238585273,0.0009580443804473533
67,0.22962798938474424,0.22510143220796416,0.0009567823357647331
68,0.22961629633594544,0.22510367928080677,0.000955502455489072
69,0.22958679715534935,0.22500770123190164,0.000954204790147852
70,0.2295907408023416,0.22502770745426443,0.0009528893909706788
71,0.22957158052254617,0.22503372452240444,0.0009515563098872595
72,0.22956770543435942,0.22506350413982423,0.0009502055995253528
73,0.2295460112541408,0.22497272637725943,0.000948837313208691
74,0.22953180478685678,0.22490614361779018,0.0009474515049548748
75,0.22950087925535562,0.2249418966511093,0.0009460482294732412
76,0.22949397495987703,0.22489852382840259,0.0009446275421627037
77,0.2294955437367322,0.22491295579339624,0.0009431894991095645
78,0.22948470319401104,0.22493049468176535,0.0009417341570853011
79,0.22947624827880256,0.2250732947601722,0.0009402615735443245
80,0.22946790221549,0.2249957229804061,0.0009387718066217116
81,0.22944578049192557,0.22492951800173627,0.0009372649151309097
82,0.2294269933325168,0.22483412870381878,0.0009357409585614144
83,0.22940545918926328,0.22473262765649646,0.0009341999970764217
84,0.22939572051001528,0.22479536159896768,0.0009326420915104526
85,0.2293899877388961,0.22525141241891855,0.0009310673033669513
86,0.22938802962279553,0.22523828170272828,0.0009294756948158571
87,0.2293612968467493,0.22480141594077085,0.0009278673286911503
88,0.2293509161623022,0.22469655008026485,0.0009262422684883717
89,0.22932905287499392,0.22486678449457215,0.0009246005783621154
90,0.22932931498605647,0.22482715074651838,0.0009229423231234967
91,0.2293105936686081,0.2246461611982079,0.0009212675682375929
92,0.22930070496499333,0.22472390740842946,0.0009195763798208593
93,0.2293064371297227,0.22477301050988502,0.0009178688246385189
94,0.2292705658921968,0.2247490533229698,0.0009161449701019264
95,0.2292978523856775,0.22472832489682684,0.0009144048842659073
96,0.2292848362631563,0.22496752402207387,0.0009126486358260708
97,0.22924911017773902,0.22465062687325285,0.0009108762941160983
98,0.22924628679814013,0.22470731523966642,0.0009090879291050054
99,0.22921440390430767,0.2246892446612012,0.0009072836113943808
100,0.22923985217607099,0.22489425794133577,0.0009054634122155983
101,0.2292131194000493,0.22480817217512072,0.0009036274034270045
102,0.2292060481110265,0.2248017168347587,0.0009017756575110832
103,0.22920318144356827,0.22464418350166415,0.0008999082475715919
104,0.22918011728419396,0.22492103028110572,0.0008980252473306776
105,0.2291800194653735,0.22451664896306517,0.0008961267311259659
106,0.22914763321652398,0.22463649796039642,0.0008942127739076255
107,0.22916779934410716,0.22485896348500664,0.0008922834512354103
108,0.22913902157708,0.22463999874759782,0.0008903388392756758
109,0.22914337575176533,0.22471791141889183,0.0008883790147983725
110,0.22912491062910859,0.22455646363814646,0.0008864040551740148
111,0.22912954799230423,0.2248129343821925,0.0008844140383706273
112,0.22911467553645726,0.2246240297957598,0.0008824090429506659
113,0.22909223655212485,0.22457285601357718,0.0008803891480679165
114,0.22908645906565292,0.22464195902811962,0.0008783544334643707
115,0.22909618783968408,0.2246315808675419,0.0008763049794670767
116,0.22908596350375715,0.22470495852307698,0.0008742408669849695
117,0.22907178191240737,0.22452493914003938,0.0008721621775056752
118,0.22907994529022882,0.2245332939310743,0.0008700689930922953
119,0.22906554154045503,0.22467552044241745,0.0008679613963801665
120,0.2290545480904521,0.22458921539891208,0.000865839470573598
121,0.2290372584274437,0.22459381204391302,0.0008637032994425873
122,0.22903127778673885,0.2246863417245121,0.000861552967319513
123,0.2290255693395521,0.22465810789120128,0.0008593885590958057
124,0.229016675076679,0.22442651365458474,0.0008572101602185956
125,0.2290195459832508,0.22463231659534086,0.0008550178566873402
126,0.22899279510474993,0.22468378322888682,0.0008528117350504297
127,0.2289907933272065,0.22460215151252183,0.0008505918824017683
128,0.22897140840931623,0.22479181069275522,0.0008483583863773378
129,0.22898135772657083,0.22446189101868236,0.0008461113351517369
130,0.228962194537591,0.2248078443622023,0.0008438508174347003
131,0.22895180001906415,0.22448299299357893,0.0008415769224675968
132,0.22894294097271045,0.22444542057154404,0.0008392897400199065
133,0.2289573230741866,0.22465114926531451,0.0008369893603856758
134,0.2289372281555729,0.22448044500987768,0.000834675874379954
135,0.22891857471580507,0.22448081075512769,0.0008323493733352071
136,0.2288988122102159,0.2246075524189648,0.0008300099490977128
137,0.22891420601145332,0.22435780183211915,0.0008276576940239344
138,0.22891225238567842,0.22440474385686757,0.0008252927009768745
139,0.2288817193576833,0.22436618179661327,0.0008229150633224087
140,0.22889068450306876,0.22429526296036795,0.0008205248749256009
141,0.22889047554775474,0.22440422018272596,0.0008181222301469962
142,0.22886294979662172,0.22444618813939565,0.0008157072238388964
143,0.22887101031915616,0.2243223436303106,0.0008132799513416154
144,0.22885750708493993,0.22433087529038953,0.0008108405084797151
145,0.22886675858600838,0.2243983428784728,0.0008083889915582231
146,0.22882303345354352,0.22455183101893822,0.0008059254973588293
147,0.22884663173541875,0.2242648455065134,0.0008034501231360669
148,0.22883970351291186,0.22447733148122961,0.0008009629666134716
149,0.22882245632466414,0.22461997001604928,0.0007984641259797241
150,0.22881697085913677,0.2242873950288589,0.0007959536998847739
151,0.22881029984864268,0.22423714923494395,0.0007934317874359448
152,0.2287858909222168,0.22440266186997546,0.000790898488194022
153,0.2288060191509802,0.22436759551376004,0.000788353902169322
154,0.2288065721871914,0.22439314183365353,0.0007857981298177441
155,0.2287805194022537,0.22433492218737375,0.0007832312720368042
156,0.2287986816240037,0.22441627890229016,0.0007806534301616527
157,0.22876276940558446,0.22435938530549895,0.0007780647059610727
158,0.22875760527059436,0.22432330428327973,0.0007754652016334629
159,0.22876860023443082,0.2242161729796481,0.0007728550198028032
160,0.2287610259992748,0.2243861203749395,0.000770234263514603
161,0.22874663947183185,0.22449213798803072,0.000767603036231833
162,0.22874778410363072,0.22426522575075297,0.0007649614418308411
163,0.22873499108007211,0.22413053165976252,0.0007623095845972508
164,0.228718148912499,0.22438039396879741,0.0007596475692218455
165,0.2287411710451672,0.22425497919000817,0.0007569755007964335
166,0.22872302609678785,0.22418047303035823,0.0007542934848097012
167,0.22870393517471752,0.2244513321966659,0.0007516016271430476
168,0.2287000387197754,0.22442484081494996,0.000748900034066404
169,0.2287084218716105,0.22426824683801302,0.0007461888122340392
170,0.22869418902530358,0.22442607212225701,0.0007434680686803487
171,0.22870264116899025,0.22443695837391148,0.0007407379108156295
172,0.22867431527214102,0.22427982750794379,0.0007379984464218393
173,0.22867026711240646,0.2243295995919613,0.0007352497836483416
174,0.2286746528543799,0.22434418840783257,0.0007324920310076363
175,0.22865969846194675,0.2242113833275192,0.0007297252973710753
176,0.2286652009634371,0.22454387808323625,0.0007269496919645658
177,0.22865782246640434,0.22413629065029297,0.000724165324364256
178,0.2286349210273338,0.22411315909467078,0.0007213723044922115
179,0.2286416517759577,0.2241069938210805,0.0007185707426120745
180,0.22861933727515774,0.22445199371425154,0.0007157607493247106
181,0.22862128869452275,0.22421912519867768,0.0007129424355638437
182,0.22861275256086733,0.22413211122931953,0.0007101159125916754
183,0.22860671255512474,0.22422779537420412,0.0007072812919944924
184,0.22862526283916598,0.2241694955902001,0.0007044386856782627
185,0.22860994630964127,0.22413052622786936,0.0007015882058642161
186,0.22860878726318148,0.2241345343868654,0.0006987299650844149
187,0.22858999490325124,0.22423540848053158,0.0006958640761773108
188,0.2285949220614085,0.2241144620267155,0.0006929906522832912
189,0.22858261294683846,0.22414782172127787,0.0006901098068402107
190,0.2285675345135703,0.22411239835706948,0.0006872216535789151
191,0.2285695004600706,0.22405094004675555,0.0006843263065187497
192,0.22856191794873337,0.2240879469103066,0.0006814238799630586
193,0.22855463778392968,0.22408707416239912,0.0006785144884946727
194,0.22856639984827537,0.22413456899181014,0.0006755982469713855
195,0.22855597053995974,0.22414476020096866,0.0006726752705214188
196,0.22852984663476403,0.2240977877111885,0.0006697456745388779
197,0.22852941114777,0.2241295284634796,0.0006668095746791962
198,0.2285269593606434,0.2242054936245398,0.0006638670868545682
199,0.22851668683381413,0.22428421218919758,0.0006609183272293754
200,0.22852589729958284,0.22407998286220127,0.0006579634122155985
201,0.22853509904850022,0.22425217087215182,0.0006550024584682227
202,0.228496263950038,0.224010196244981,0.0006520355828806318
203,0.22851775325038837,0.22405311610231038,0.0006490629025799942
204,0.2284953881969819,0.22463516216958548,0.0006460845349226378
205,0.22847938109744043,0.22409183966109572,0.0006431005974894181
206,0.2284887285611087,0.22414929856967317,0.0006401112080810757
207,0.22848548583863326,0.22416265705280403,0.0006371164847135856
208,0.2284888784756735,0.22404288516766616,0.0006341165456134986
209,0.22847813418362495,0.22405432941968512,0.0006311115092132739
210,0.22847023411578604,0.22408928507394027,0.0006281014941466028
211,0.22846691053482718,0.2242457026629036,0.0006250866192437265
212,0.22845652156116247,0.22411181927749646,0.0006220670035267436
213,0.22844923094431294,0.22403391798722533,0.0006190427662049122
214,0.22844988844357816,0.2239734993185718,0.0006160140266699435
215,0.22844166942947727,0.22404020811455022,0.0006129809044912885
216,0.22844646268343188,0.2240013568721805,0.0006099435194114169
217,0.22843490049415124,0.2241189228192291,0.000606901991341091
218,0.22842512603358528,0.22412638235559534,0.0006038564403546313
219,0.22842030073207173,0.22399570817093237,0.0006008069866851756
220,0.22843078535885353,0.2240646274725424,0.0005977537507199335
221,0.22841913876665945,0.2242465260912942,0.0005946968529954328
222,0.22840661160729891,0.2239952787353738,0.0005916364141927615
223,0.22841145962304885,0.22407414154195462,0.000588572555132803
224,0.22839638918754046,0.224059742732229,0.0005855053967714672
225,0.22840634505515664,0.22395140980955802,0.0005824350601949141
226,0.2283824255553537,0.2239969088335892,0.0005793616666147746
227,0.22838410646852533,0.22395567528283558,0.0005762853373633647
228,0.22837579776851982,0.22396089828121538,0.0005732061938888958
229,0.22838066207557217,0.22396937868658534,0.0005701243577506796
230,0.2283583922196595,0.22397204724368658,0.0005670399506143304
231,0.2283688886986422,0.22406367362436583,0.0005639530942469603
232,0.2283581502085717,0.2239715370022392,0.0005608639105123732
233,0.2283600136027311,0.2240158662493041,0.0005577725213662534
234,0.2283483934820926,0.22406555309172518,0.0005546790488513511
235,0.22835120077595528,0.22389183152919923,0.0005515836150926643
236,0.22833129612743278,0.22396985534897415,0.0005484863422926177
237,0.22834105804458535,0.2240780950211658,0.0005453873527262378
238,0.22834153569197937,0.22384848770871457,0.0005422867687363264
239,0.2283307390703297,0.22390050362456232,0.0005391847127286307
240,0.22832683656489444,0.22391832413278556,0.0005360813071670099
241,0.22833092799422994,0.2239540202047206,0.0005329766745686018
242,0.22832360142950103,0.22401140584774862,0.0005298709374989857
243,0.22831391929129152,0.22388102988714276,0.0005267642185673428
244,0.2283107645960122,0.2239277704571384,0.0005236566404216173
245,0.2283004497089486,0.22395191724752256,0.0005205483257436732
246,0.22830570204064507,0.2238617809028516,0.0005174393972444517
247,0.22829575666160373,0.22391052362063846,0.0005143299776591267
248,0.22829716284365367,0.22408559931900268,0.0005112201897422592
249,0.2282922762680112,0.22396771481868144,0.0005081101562629513
250,0.22829258166488117,0.2239861194072057,0.0005049999999999996
251,0.22828325425895754,0.22398018921925142,0.0005018898437370479
252,0.22827364591003044,0.22382391009158736,0.00049877981025774
253,0.22827122243891534,0.22388746016749417,0.0004956700223408725
254,0.22826808418190217,0.22390086704972345,0.0004925606027555475
255,0.22825502997830943,0.22400788923139087,0.000489451674256326
256,0.22825156814659145,0.2238802897279801,0.0004863433595783819
257,0.22825783992804338,0.22397457733362922,0.00048323578143265653
258,0.22825431841596866,0.22381997959404545,0.0004801290625010137
259,0.2282502149889921,0.22385782699469778,0.00047702332543139746
260,0.22824422736075733,0.223811995400182,0.0004739186928329896
261,0.22823592990950559,0.22387933741484448,0.0004708152872713688
262,0.2282376539931474,0.22426003870819433,0.0004677132312636729
263,0.22823883676166526,0.2238150394424413,0.00046461264727376165
264,0.2282288487518072,0.22382847958176957,0.0004615136577073818
265,0.22823042628787896,0.22385997884156084,0.00045841638490733513
266,0.22821976712918846,0.22381269640857746,0.0004553209511486484
267,0.22821252298679653,0.22382585548509115,0.00045222747863374606
268,0.2282073646800293,0.22386122696622893,0.0004491360894876263
269,0.22820870286436787,0.22385763335153047,0.0004460469057530393
270,0.22819196340472486,0.22379365330535161,0.0004429600493856692
271,0.2282022850689173,0.2238901516940409,0.0004398756422493199
272,0.22820556159842514,0.22384618814070442,0.0004367938061111039
273,0.22819157603190143,0.22388846336983842,0.0004337146626366349
274,0.2281828483264794,0.22384588132506503,0.0004306383333852249
275,0.22818323106816918,0.22387900459220703,0.00042756493980508544
276,0.22818774798511499,0.22384073533704765,0.0004244946032285323
277,0.2281857190542152,0.2238746544829645,0.00042142744486719645
278,0.22817451956294207,0.22383292004456257,0.0004183635858072381
279,0.22816951259451015,0.22378890747780822,0.00041530314700456673
280,0.22817748912025043,0.22392848996775264,0.000412246249280066
281,0.22816068163871542,0.2238069121336648,0.000409193013314824
282,0.22815991516846337,0.22377279079815557,0.0004061435596453683
283,0.22816192441350033,0.22376029615817936,0.00040309800865890834
284,0.22815688719018218,0.2238611790300168,0.0004000564805885827
285,0.22814980114937014,0.2238198303325032,0.00039701909550871116
286,0.22815358155347168,0.22382859261765886,0.00039398597333005595
287,0.22814382245723436,0.22373554807614437,0.0003909572337950874
288,0.22813515922609198,0.22380086834682136,0.0003879329964732559
289,0.22813453888259555,0.22378336600667093,0.00038491338075627294
290,0.22812965897729634,0.22372790009978843,0.0003818985058533966
291,0.22812888347656957,0.22389533341148743,0.0003788884907867255
292,0.22813669380077994,0.2239783267144228,0.0003758834543865006
293,0.22811946073278644,0.2238487997467259,0.0003728835152864138
294,0.22812192501627984,0.22374826198745057,0.0003698887919189236
295,0.2281244819810304,0.2238628166001791,0.0003668994025105811
296,0.22810139516577024,0.2237672729666488,0.00036391546507736147
297,0.22811566663877975,0.22380639402395824,0.0003609370974200051
298,0.2281156580395019,0.22408131730900532,0.0003579644171193673
299,0.22810113861476874,0.22378953544795543,0.0003549975415317766
300,0.22810812482147333,0.22385845522336228,0.0003520365877844007
301,0.2280932277840374,0.2237886388991851,0.00034908167277062377
302,0.22809406646332755,0.22372384319700428,0.000346132913145431
303,0.22809306050385178,0.2237436558257009,0.0003431904253208032
304,0.22808468866528903,0.22371730905585333,0.00034025432546112134
305,0.22808177540154848,0.2238323909831799,0.00033732472947858047
306,0.22807973008584903,0.22376059874197501,0.00033440175302861376
307,0.22807092112072674,0.22372159237591394,0.00033148551150532645
308,0.22808148876428633,0.22376555876202983,0.00032857612003694064
309,0.2280811576830279,0.22370912524888215,0.0003256736934812496
310,0.2280740379431608,0.2236622536281123,0.0003227783464210841
311,0.22806935862849184,0.22379757744542977,0.00031989019315978854
312,0.2280617050634548,0.2237150636819106,0.00031700934771670817
313,0.2280593754925568,0.22370768825901954,0.00031413592382268843
314,0.2280496066460529,0.22366847313900773,0.0003112700349155846
315,0.2280601052729352,0.22369033426140728,0.0003084117941357832
316,0.22804478826868105,0.22379424095226141,0.00030556131432173665
317,0.2280437146388541,0.2236723559429942,0.000302718708005507
318,0.22804377675565626,0.223748351626265,0.00029988408740832406
319,0.2280439586141399,0.22374560185100106,0.0002970575644361556
320,0.22804045208739174,0.22368432102889968,0.00029423925067528875
321,0.22803882529696085,0.22379225175124498,0.0002914292573879252
322,0.22802581082632897,0.2237272386558484,0.0002886276955077881
323,0.22803003801761132,0.2236723583369307,0.0002858346756357436
324,0.22802989336167276,0.2236871658497165,0.0002830503080354339
325,0.2280201599341335,0.22368014007096587,0.0002802747026289241
326,0.2280241178083744,0.2237061550755813,0.0002775079689923633
327,0.22801630123140376,0.2236696850365075,0.00027475021635165787
328,0.22801774304869257,0.2237158228061783,0.0002720015535781603
329,0.22800963658915463,0.22364306734228817,0.00026926208918436983
330,0.22800435512503048,0.22369233201662753,0.0002665319313196508
331,0.22801013215848398,0.22368667542984524,0.00026381118776596036
332,0.22799943381337906,0.22368487891642178,0.0002610999659335953
333,0.22799610204610546,0.2237636436450493,0.0002583983728569518
334,0.22799508723692,0.2236416585344438,0.00025570651519029816
335,0.22798662830601082,0.22370498825464222,0.00025302449920356593
336,0.22799079193010707,0.22365499873528247,0.000250352430778154
337,0.22798936008434756,0.22363294746459825,0.00024769041540274867
338,0.22798586340834834,0.22363096198404825,0.0002450385581691583
339,0.22798151705852138,0.22362485769184104,0.00024239696376816648
340,0.22797510559008088,0.22364381043656628,0.0002397657364853965
341,0.2279835186513434,0.22366233753004583,0.00023714498019719623
342,0.22797125495847606,0.2236343096544766,0.00023453479836653656
343,0.22796804205408713,0.22360994937308315,0.0002319352940389268
344,0.22796439421390732,0.2236478295899711,0.00022934656983834663
345,0.22796000462965682,0.2236623266297903,0.00022676872796319504
346,0.22796140759206893,0.22369267483920557,0.00022420187018225537
347,0.22796129710821925,0.2236336395194469,0.0002216460978306772
348,0.22795846269075912,0.22364590083602828,0.00021910151180597737
349,0.22795357149500434,0.22364523485323634,0.00021656821256405467
350,0.22795545258091604,0.22371735185222913,0.0002140463001152256
351,0.22794709419889314,0.22362345205217166,0.00021153587402027543
352,0.22794344624938437,0.22362740539985118,0.0002090370333865281
353,0.22794837127452144,0.22360364619442497,0.00020654987686393247
354,0.2279447321654949,0.22362331636990768,0.00020407450264117003
355,0.22793881503180716,0.22361394452368055,0.00020161100844177653
356,0.22793617030246863,0.22360715722614313,0.00019915949152028419
357,0.22793314060695638,0.22361842496613255,0.00019672004865838418
358,0.22793138420319506,0.22361509195905785,0.00019429277616110312
359,0.22793187507541005,0.22362391226259878,0.00019187776985300322
360,0.2279276534157814,0.22365402222466857,0.0001894751250743984
361,0.22792620085351448,0.22360037208544178,0.00018708493667759073
362,0.22792038129412534,0.22363610908301304,0.00018470729902312486
363,0.22792192992129293,0.22363096129951798,0.0001823423059760648
364,0.2279159501092297,0.22359115564263807,0.00017999005090228647
365,0.22792015667872442,0.22360185352532186,0.0001776506266647921
366,0.22790934853585867,0.2236305522249971,0.00017532412562004532
367,0.22791452144041094,0.22361078689122005,0.00017301063961432345
368,0.22790706233466312,0.22361479932125664,0.00017071025998009274
369,0.22790483529088104,0.22359790945729063,0.00016842307753240233
370,0.2279053319210255,0.22359618783891386,0.0001661491825652991
371,0.22789910880505787,0.22358614047819467,0.0001638886648482623
372,0.2278989284117393,0.22361188503486173,0.00016164161362266146
373,0.22789700407285085,0.22360822739920722,0.00015940811759823097
374,0.227895863778381,0.22366231237931675,0.00015718826494956942
375,0.2278925508666023,0.22361727309151183,0.00015498214331265887
376,0.2278889158224671,0.2235722947236681,0.0001527898397814036
377,0.22789320724044784,0.2235321094867733,0.0001506114409041934
378,0.227885606483108,0.2235719375091846,0.00014844703268048593
379,0.22788114494227854,0.22361447487451785,0.00014629670055741186
380,0.22788330320613986,0.22354994014596621,0.00014416052942640108
381,0.22788092818366967,0.22359312940687062,0.00014203860361983273
382,0.22787986065986038,0.2235983856543686,0.0001399310069077038
383,0.22787193903230019,0.22353006460271488,0.000137837822494324
384,0.2278752470462578,0.2235798771877699,0.0001357591330150297
385,0.22787486505377474,0.2235725212379264,0.00013369502053292234
386,0.22786826501114407,0.22355816151229294,0.00013164556653562842
387,0.22786887656638996,0.22356223269646364,0.0001296108519320825
388,0.2278622124690285,0.22355653242430523,0.00012759095704933325
389,0.22785865141333425,0.22354936767914146,0.00012558596162937162
390,0.2278644346684007,0.22354320753558835,0.00012359594482598424
391,0.2278551439321019,0.22355577507258298,0.00012162098520162668
392,0.2278579355780356,0.223555133294846,0.00011966116072432331
393,0.22785697828916776,0.2235643557696181,0.00011771654876458875
394,0.22785582216539568,0.22355319720412475,0.00011578722609237367
395,0.2278480509765845,0.2235591282053123,0.00011387326887403313
396,0.2278541968490502,0.22351862548406679,0.00011197475266932138
397,0.2278484791766043,0.22357664722906964,0.00011009175242840731
398,0.2278457542439205,0.2235449728287339,0.00010822434248891592
399,0.22784509198243255,0.22353169840493,0.00010637259657299457
400,0.22784112386338917,0.22354954436149543,0.00010453658778440098
401,0.22784233683276767,0.22353378146417877,0.00010271638860561841
402,0.22783650790672164,0.22356712264116693,0.00010091207089499387
403,0.2278367763620328,0.22355861774555474,9.91237058839011e-05
404,0.2278336749898989,0.22353159886537932,9.735136417392833e-05
405,0.22783359590854527,0.2235223117250249,9.559511573409187e-05
406,0.22783243473293568,0.22351728004891536,9.385502989807271e-05
407,0.22782798405146934,0.22352827216899482,9.21311753614801e-05
408,0.22782692213465097,0.2235267134043695,9.042362017913981e-05
409,0.22782751169185225,0.22353314319344716,8.873243176240625e-05
410,0.22782306804751196,0.22351710985484963,8.705767687650247e-05
411,0.22782203615707394,0.22351932592087542,8.539942163788373e-05
412,0.2278247322493531,0.22351772333914027,8.375773151162754e-05
413,0.22781743836827656,0.22352509199865808,8.213267130884878e-05
414,0.22781707537846102,0.22352458318900642,8.052430518414215e-05
415,0.22781881113356325,0.22352169336194078,7.893269663304789e-05
416,0.22781594799053198,0.2235310776586178,7.735790848954637e-05
417,0.22781458597619483,0.22352432849030535,7.580000292357738e-05
418,0.22781190546369529,0.2235319152020104,7.425904143858474e-05
419,0.22780964111772128,0.22351989429668218,7.273508486908949e-05
420,0.22780950985925935,0.22350780817509655,7.12281933782875e-05
421,0.2278068564176894,0.22350329949314435,6.973842645567469e-05
422,0.22780419330926874,0.22354479546427422,6.826584291469804e-05
423,0.22780589765458875,0.2235007020344522,6.681050089043469e-05
424,0.2278035407426457,0.22350201571137943,6.537245783729547e-05
425,0.2278011396590703,0.22351201675811005,6.395177052675794e-05
426,0.22780048760482377,0.22350808296712493,6.254849504512444e-05
427,0.22779896655706736,0.2235292571174343,6.116268679130825e-05
428,0.2277975668564003,0.2234948329750711,5.9794400474646335e-05
429,0.22779577657348238,0.2235152895920849,5.844369011273961e-05
430,0.22779323873514082,0.22350898954099058,5.711060902932043e-05
431,0.227792956844239,0.22349822812428047,5.57952098521471e-05
432,0.2277911031521815,0.22349899417042612,5.4497544510927155e-05
433,0.2277918697457696,0.22349606074910688,5.321766423526614e-05
434,0.22779125042641182,0.22350246726354928,5.1955619552645826e-05
435,0.22778843982039707,0.22350828232060416,5.071146028642934e-05
436,0.22778735770334888,0.2235058167704705,4.948523555389428e-05
437,0.22778445200733846,0.2235035457969545,4.827699376429314e-05
438,0.22778440628455726,0.2235025396786891,4.7086782616943225e-05
439,0.22778432916531285,0.22349615185325652,4.5914649099342684e-05
440,0.22778353449634015,0.22349277719207045,4.4760639485315536e-05
441,0.2277835809722722,0.2234988142161468,4.362479933318559e-05
442,0.22778039906000874,0.22350873288163964,4.250717348397705e-05
443,0.22778079621783387,0.22349216024209279,4.1407806059644824e-05
444,0.22777781674729763,0.22349248894421359,4.032674046133234e-05
445,0.22777596049835838,0.22349414795140704,3.926401936765846e-05
446,0.22777600796959172,0.22350138385933135,3.821968473303207e-05
447,0.2277765631954289,0.2234895733568475,3.719377778599668e-05
448,0.22777433104182737,0.22349073450929813,3.6186339027601615e-05
449,0.22777352093272807,0.223488994430425,3.519740822980413e-05
450,0.2277717592265008,0.2234879383887286,3.422702443389901e-05
451,0.22777104222094754,0.2234856490351304,3.327522594897673e-05
452,0.22776902544905897,0.22349157636787823,3.234205035041175e-05
453,0.22776929817613623,0.22349492402133472,3.142753447837889e-05
454,0.22776916867182756,0.223493841297,3.053171443639897e-05
455,0.22776733164946023,0.22348918343594013,2.9654625589913197e-05
456,0.22776712577516303,0.22349190239976527,2.8796302564887532e-05
457,0.22776486594381817,0.2234778308863276,2.7956779246445204e-05
458,0.22776509616074847,0.22349311382043757,2.7136088777529442e-05
459,0.2277639384114671,0.22347445945029337,2.633426355759469e-05
460,0.22776348483209374,0.22347809046836822,2.555133524132763e-05
461,0.22776213131754733,0.22348638597611178,2.4787334737397643e-05
462,0.2277624574297206,0.22347476907830557,2.4042292207236395e-05
463,0.2277608082215488,0.22348270159255826,2.3316237063847385e-05
464,0.227760385217836,0.22347963882774957,2.260919797064428e-05
465,0.22775969463975904,0.22348124749499518,2.1921202840320084e-05
466,0.22775924175928977,0.2234771149400997,2.1252278833744233e-05
467,0.2277581068399261,0.22347319699706114,2.0602452358891333e-05
468,0.22775764831120032,0.22347478196133494,1.997174906979781e-05
469,0.22775706502287973,0.2234762865050208,1.936019386554969e-05
470,0.22775605303064084,0.22348391838935916,1.8767810889299093e-05
471,0.22775605399054352,0.22347369328857766,1.8194623527311796e-05
472,0.2277549330502206,0.2234745705783677,1.764065440804337e-05
473,0.2277548343424298,0.2234792197881409,1.7105925401245975e-05
474,0.227753822977192,0.22347981350207397,1.659045761710533e-05
475,0.2277536879458495,0.22348618593446548,1.609427140540687e-05
476,0.22775271169363223,0.22347335375378555,1.5617386354732603e-05
477,0.22775281520495436,0.22347439886865741,1.5159821291687797e-05
478,0.2277522496602246,0.22347515996882944,1.472159428015767e-05
479,0.2277520311662123,0.22347420799260473,1.4302722620594245e-05
480,0.2277508906967154,0.22348035795356805,1.3903222849333512e-05
481,0.22775053091636407,0.22347764333109532,1.352311073794228e-05
482,0.22775080217726873,0.2234731970417132,1.316240129259585e-05
483,0.2277502362467422,0.22347365949383552,1.2821108753485538e-05
484,0.22774919563426782,0.22347520520945108,1.2499246594256418e-05
485,0.22774957911791507,0.22347067684008104,1.2196827521475406e-05
486,0.22774909796447534,0.22347813144007078,1.1913863474129613e-05
487,0.22774836226649905,0.22347371862215795,1.1650365623155218e-05
488,0.22774831874940282,0.2234746738651559,1.1406344370996106e-05
489,0.22774828914477685,0.22347656209927097,1.1181809351193516e-05
490,0.22774815543981877,0.2234695629270885,1.097676942800558e-05
491,0.22774798487351086,0.22347442168545753,1.0791232696057366e-05
492,0.2277475662327699,0.22347394396930023,1.0625206480021355e-05
493,0.22774702383487413,0.22347010298025335,1.0478697334328272e-05
494,0.22774707576185774,0.223469350571171,1.0351711042908346e-05
495,0.2277469406403416,0.22346842952599605,1.024425261896286e-05
496,0.22774656768426785,0.2234721159250548,1.0156326304766531e-05
497,0.22774667540077326,0.22346981122034001,1.0087935571499563e-05
498,0.227746466607413,0.22347255736009763,1.0039083119111025e-05
499,0.22774664682247303,0.22346900949760012,1.000977087621213e-05
500,0.2277462245955511,0.22347364521214594,1e-05
