material_id,formula,bandgap_eV,space_group,crystal_system,most_anomalous_element,nominal_oxidation_state,pred_Z_mean,max_trace_anomaly_e,max_component_anomaly_e,max_offdiag_norm,is_genuine_giant_anomaly,is_genuine_moderate_anomaly
0620952d55,ThP12Os3Ru,0.3016,R-3,trigonal,Os,4.0,-8.4916,12.4916,12.493,0.0046,True,True
00c9aac705,K4Zr6FeI18,1.1058,P-1,triclinic,Fe,2.0,-10.3057,12.3057,12.3057,0.0013,True,True
05e80a77cb,K4HfZr5FeI18,1.1362,P1,triclinic,Fe,2.0,-10.1202,12.1202,12.1204,0.0017,True,True
059fe9297a,CaFeSb12Ir2Ru,0.1156,P-1,triclinic,Ru,5.0,-6.7077,11.7077,11.7082,0.0026,True,True
004268dee7,Tc2MoAs7,0.7056,Fmm2,orthorhombic,Tc,7.0,-4.3426,11.3426,11.384,0.0067,True,True
073fe3df51,BaSb12Os3Pt,0.0746,R-3,trigonal,Os,4.0,-7.1932,11.1932,11.1939,0.0018,True,True
03e3278ab3,BaSb12Ir2OsRu,0.1244,P-1,triclinic,Ru,4.0,-6.9641,10.9641,10.9652,0.0027,True,True
079b387ee8,SrCa(ReH9)2,3.4485,P-3m1,trigonal,Re,7.0,-3.533,10.533,10.537,0.0351,True,True
04f9e2c0d9,Na2ReH9,5.0071,P-62m,hexagonal,Re,7.0,-3.5308,10.5309,10.5309,0.3573,True,True
017cbfb744,NaLa6ReBr12,0.1824,P-1,triclinic,Re,5.0,-5.4783,10.4783,10.4794,0.0008,True,True
09cb50eee0,Cs2Rb2Zr6FeBr18,1.3082,P-1,triclinic,Fe,2.0,-8.4708,10.4708,10.4708,0.0038,True,True
0147ac233e,NaDy(ReH9)2,3.0442,C2/m,monoclinic,Re,7.0,-3.1204,10.1204,10.1615,0.0945,True,True
09ccdd059e,Fe4BiSb7Te4,0.3577,P1,triclinic,Fe,3.0,-7.1072,10.1072,10.1994,0.013,True,True
099d10c1ed,Cs4Li2(ReH9)3,4.4916,Amm2,orthorhombic,Re,7.0,-3.0233,10.0233,10.0245,0.2483,True,True
009fc45dfb,La4Tb2RuI10,0.2621,P-1,triclinic,Ru,2.0,-7.7346,9.7346,9.7348,0.001,True,True
07c049c6b0,SmFe3Sb12Rh,0.1937,R-3,trigonal,Fe,3.0,-6.6264,9.6264,9.6271,0.0068,True,True
091c91e64e,Cs5Fe(ReH9)3,0.5021,Amm2,orthorhombic,Re,7.0,-2.5849,9.5849,9.5852,0.448,True,True
07aa956629,LaFe3As12Rh,0.4766,R-3,trigonal,Fe,3.0,-6.4417,9.4417,9.4426,0.0088,True,True
00ab1f0abd,OsRu3Se8,0.1721,R-3,trigonal,Os,4.0,-5.3599,9.3599,9.3605,0.0099,True,True
005159625b,SrTb4Sm2CoI12,0.1986,P1,triclinic,Co,2.0,-7.1703,9.1703,9.1708,0.0013,True,True
00bdf469cc,La2PIrI2,0.1834,P3m1,trigonal,Ir,3.0,-6.1209,9.1209,9.1267,0.0006,True,True
009c00a1dd,LaY5CoI10,0.1576,P1,triclinic,Co,2.0,-7.1156,9.1156,9.1626,0.0015,True,True
07b1fa0451,Tb5DyHoFeI12,0.0967,P1,triclinic,Fe,2.0,-6.9624,8.9624,8.9627,0.0034,True,True
0624063306,Sb4IrRh,0.237,P2_1,monoclinic,Ir,3.0,-5.5086,8.5086,8.5348,0.002,True,True
05438c0f83,Tb4YTmNiI10,0.4726,P1,triclinic,Ni,2.0,-6.4375,8.4375,8.4394,0.0009,True,True
0116392eb8,Tb6HoFeBr12,0.1179,P1,triclinic,Fe,2.0,-6.41,8.41,8.413,0.0045,True,True
07c4bd37d9,Co2SiSe5,0.4061,P2/m,monoclinic,Co,4.0,-4.3898,8.3898,8.4072,0.0027,True,True
0240422a8b,LaNdGePdI2,0.2284,P3m1,trigonal,Pd,3.0,-5.3598,8.3598,8.3702,0.0013,True,True
088fbd6645,SrLa4Tb2FeBr12,0.6517,P1,triclinic,Fe,2.0,-6.2704,8.2704,8.2895,0.0023,True,True
069f060817,LaSm2Y4CoI12,0.3128,P1,triclinic,Co,1.0,-7.1418,8.1418,8.1536,0.0024,True,True
0416f6193e,La3Tb3FeBr10,0.7104,P1,triclinic,Fe,2.0,-6.1245,8.1245,8.1308,0.0019,True,True
081e92bd1c,Sm(S8I)3,1.752,R3m,trigonal,I,5.0,-3.1205,8.1205,8.1214,0.0041,True,True
04b3a8ccdc,KFe(Sb4Rh)3,0.1106,R-3,trigonal,Fe,2.0,-6.056,8.056,8.0561,0.003,True,True
0426e7159d,Tb4Y2PdI10,0.3918,P-1,triclinic,Pd,2.0,-6.034,8.034,8.034,0.0005,True,True
052b1394b2,Nd2Y3HoCoI10,0.165,P1,triclinic,Co,1.0,-7.0258,8.0258,8.0259,0.0017,True,True
06d75eeca8,La2SiPtBr2,0.1263,P3m1,trigonal,Pt,2.0,-6.0203,8.0203,8.0529,0.0007,True,True
070db45d99,Cs2Zr7BeBr18,0.6628,R-3,trigonal,Be,2.0,-6.0114,8.0114,8.0114,0.002,True,True
06989ccbb8,Tb4Ho3FeI12,0.1073,P1,triclinic,Fe,1.0,-6.9758,7.9758,7.9794,0.0065,True,True
043053116d,Tb3Pr2YCoI10,0.1603,P1,triclinic,Co,1.0,-6.9734,7.9734,7.9736,0.0012,True,True
05eb6f3eef,Cs3K2Li(TcH9)3,4.7987,Amm2,orthorhombic,Tc,5.0,-2.9359,7.9359,7.9363,0.2495,True,True
06e551a8d1,K4Ti6FeBr18,1.0029,P-1,triclinic,Fe,2.0,-5.8753,7.8753,7.8754,0.0039,True,True
04af24562c,Tb5PrYFeI12,0.0898,P1,triclinic,Fe,1.0,-6.8714,7.8714,7.8836,0.0023,True,True
08279b5f39,Sb4Ir3RhS4,1.1282,R3,trigonal,Ir,3.67,-4.1991,7.8691,7.9836,0.0056,True,True
01d3fec9cf,SrTb6FeCl12,0.3424,P-1,triclinic,Fe,2.0,-5.848,7.848,7.848,0.0022,True,True
00e3856041,La3Nd3FeI10,0.5381,P1,triclinic,Fe,1.0,-6.7818,7.7818,7.7848,0.0017,True,True
021622861c,Sc6CoCl10,0.1214,P-1,triclinic,Co,2.0,-5.6204,7.6204,7.6209,0.0071,True,True
01edd6567d,Tb3Dy4CoBr12,0.4369,R3,trigonal,Co,1.0,-6.6048,7.6048,7.6093,0.0034,True,True
019cd974a2,Tb5DyNiBr10,0.496,P1,triclinic,Ni,2.0,-5.5876,7.5876,7.5902,0.0015,True,True
05fc7c64a1,Mg2Ta3Nb(CoSb)6,0.9883,P1,triclinic,Co,2.0,-5.5535,7.5535,7.7016,0.014,True,True
009084d44e,Tb3NdTm2CoBr10,0.1035,P1,triclinic,Co,1.0,-6.3508,7.3508,7.3801,0.0017,True,True
068f28a3f2,Cs4K2(ReH9)3,4.904,Amm2,orthorhombic,Re,7.0,-0.3433,7.3433,7.3437,0.3614,True,True
061d93a641,RbAs2PdRu,0.0577,I-4m2,tetragonal,Ru,3.0,-4.2822,7.2822,7.283,0.0068,True,True
0885743e3a,Tb3PrSm2CoBr10,0.1454,P1,triclinic,Co,1.0,-6.247,7.247,7.2517,0.0013,True,True
0629ee516a,Cs3K2Tl(TcH9)3,3.6934,Amm2,orthorhombic,Tc,5.0,-2.2115,7.2115,7.2116,0.1232,True,True
057d79a9a9,Nb2Ir2Se5S3,0.2494,Pmn2_1,orthorhombic,Ir,5.0,-2.138,7.138,7.1623,0.005,True,True
0920018416,Ba2Na4(TcH9)3,1.6639,Amm2,orthorhombic,Tc,5.0,-1.9825,6.9825,6.9835,0.224,True,True
000f865499,Nb4Ir3RhSe16,0.0675,Pm,monoclinic,Ir,4.0,-2.8749,6.8749,6.9224,0.006,True,True
0734fde797,HoScNb2(CoSb)4,0.7933,Pm,monoclinic,Co,2.0,-4.7997,6.7997,6.8678,0.007,True,True
02b594d4ad,TaGa2TcCl16,0.1962,Amm2,orthorhombic,Tc,7.0,0.2019,6.7981,6.7986,0.0072,True,True
0850c3d416,Sr13Pr7Si15P,0.0925,P1,triclinic,P,5.0,-1.7694,6.7694,6.7866,0.0019,True,True
04060ae98d,BaCa3(CoH5)4,1.406,P1,triclinic,Co,3.0,-3.709,6.709,6.936,0.483,True,True
05542108fe,Be(S8Br)3,2.6595,R3m,trigonal,Br,5.0,-1.593,6.593,6.6033,0.0026,True,True
04f1977e68,Rb4Ba2HfBi4,0.632,Cm,monoclinic,Hf,4.0,-2.5774,6.5774,6.5781,0.0018,True,True
03ff3e16ae,ZnH12(IrPb)2,2.0591,P3m1,trigonal,Ir,3.0,-3.5519,6.5519,6.5776,0.3159,True,True
09f6b4fdc0,Tb4DyErNiBr10,0.507,P1,triclinic,Ni,1.0,-5.5273,6.5273,6.5363,0.0015,True,True
049eaa34d5,SrSi7As5Pt4,0.0782,P1,triclinic,Pt,2.0,-4.514,6.514,6.5962,0.0074,True,True
08bd352b15,Li5Cr(ReH9)3,0.8099,Amm2,orthorhombic,Re,3.0,-3.3695,6.3695,6.3719,0.2128,True,True
00a469b59b,TbV(FeGe)2,0.0885,P6_3/mmc,hexagonal,Fe,2.0,-4.186,6.186,6.1927,0.0019,True,True
05ff6b80ca,Rb4Sb4PdPt,0.5692,C2/m,monoclinic,Pt,4.0,-2.1291,6.1291,6.1295,0.0014,True,True
02cc0a16c2,Ca3Nb2RuN6,0.5754,C2/m,monoclinic,Ru,2.0,-3.9302,5.9302,5.9303,0.0053,True,True
03f4c3152c,BaH12(IrPb)2,1.8463,P-3m1,trigonal,Ir,3.0,-2.8811,5.8811,5.9548,0.4936,True,True
020c37fefc,TbMgB6Ru,0.1324,Pbam,orthorhombic,Ru,2.0,-3.8693,5.8693,5.9274,0.0579,True,True
06074cd357,Ca4DyIn(RuO6)2,0.2794,P-1,triclinic,Ru,5.0,-0.8361,5.8361,5.837,0.0077,True,True
08564673b4,K16LaPaSb8,0.4915,F-43m,cubic,Pa,5.0,-0.8258,5.8258,5.8258,0.0016,True,True
0850e4fa69,Cs16ThSnSb8,0.164,F-43m,cubic,Sn,4.0,-1.7666,5.7666,5.7666,0.0019,True,True
03c6c169d6,Ca4HoTm(RuO6)2,0.2179,P-1,triclinic,Ru,5.0,-0.7486,5.7486,5.749,0.0076,True,True
0667af132b,TeS7,1.5199,P1,triclinic,Te,6.0,0.313,5.687,5.6941,0.0049,True,True
04686e22e9,TaRuBr10,0.3259,P1,triclinic,Ru,5.0,-0.6353,5.6353,5.6378,0.0032,True,True
062cf2f9c5,Tc3(TeBr)7,1.3716,R-3,trigonal,Tc,7.0,1.4269,5.5731,5.6948,0.0057,True,True
08e28d5aac,K5SrTaP4,1.4121,Cc,monoclinic,Ta,5.0,-0.5359,5.5359,5.5415,0.0053,True,True
054901113c,Rb16ThSnSb8,0.269,F-43m,cubic,Sn,4.0,-1.5245,5.5245,5.5245,0.0017,True,True
072655d9b9,K4AlFe3O8,2.3721,P1,triclinic,Fe,3.0,-2.4771,5.4771,5.4902,0.0124,True,True
03d9c56365,Mg2Ta3Nb(SbRh)6,0.884,P1,triclinic,Rh,1.0,-4.4737,5.4737,5.561,0.006,True,True
07c745690b,HoMg3P7N12,3.7369,R3m,trigonal,P,3.86,-1.6108,5.4708,5.5031,0.0538,True,True
045ac65a9b,K4Ba2TiSb4,1.0424,Cc,monoclinic,Ti,4.0,-1.4377,5.4376,5.4427,0.0022,True,True
07b0bdabeb,TaRhSe4,0.2031,Pmn2_1,orthorhombic,Rh,3.0,-2.4249,5.4249,5.4908,0.0049,True,True
090cc67869,Ba4GaTcN6,1.2592,Cmc2_1,orthorhombic,Tc,7.0,1.5815,5.4185,5.4376,0.0047,True,True
06078312f3,KPtRh3Se8,0.3238,Cm,monoclinic,Rh,3.67,-1.7462,5.4162,5.4401,0.0038,True,True
05b33597b7,Na10Sr2TaVP8,1.0982,P1,triclinic,Ta,5.0,-0.3942,5.3942,5.4237,0.0028,True,True
023814fb02,Sr4MgAl2MoH20,1.0931,P1,triclinic,Mo,4.0,-1.345,5.345,5.3515,0.0464,True,True
025eb307b3,InFe10B4SbO20,1.3903,C2/m,monoclinic,Fe,2.0,-3.278,5.278,5.2816,0.0397,True,True
027ace2ae7,Ba4VCo3H20,0.1763,P1,triclinic,Co,3.0,-2.2697,5.2697,5.2902,1.2236,True,True
0172f560a9,BaH12(RhPb)2,1.5607,P-3m1,trigonal,Rh,3.0,-2.2421,5.2421,5.3114,0.4367,True,True
006e6bb9d4,Nb2SiTeSe3,0.281,P1,triclinic,Si,-4.0,1.2416,5.2416,5.2466,0.0034,True,True
0701ecc230,Nb3V(Pt3Se8)2,0.487,Pm,monoclinic,V,5.0,-0.2218,5.2218,5.2364,0.0036,True,True
01ea384a0d,Ba3AlBi2Sb,0.3219,Cmce,orthorhombic,Al,3.0,-2.1646,5.1646,5.1647,0.0021,True,True
02c7213db1,LiZrReH6,2.1556,F-43m,cubic,Re,3.0,-2.158,5.158,5.158,0.0839,True,True
02401615c0,Nb(OsBr6)5,0.3568,P1,triclinic,Os,4.0,-1.1369,5.1369,5.1437,0.0067,True,True
02a14fddd3,Zr3Ni4Bi3Sb,0.7786,Fmm2,orthorhombic,Bi,-3.0,2.0616,5.0616,5.0783,0.0046,True,True
0249d61560,Cs12Na8Ti3SnSb12,0.587,C2,monoclinic,Ti,4.0,-1.046,5.046,5.0461,0.0024,True,True
01dfe4f65d,MoW(Se4Br)2,1.4298,P1,triclinic,W,6.0,0.9817,5.0183,5.0223,0.0021,True,True
03acf354a7,CsNa3FeO4,0.4139,P-1,triclinic,Fe,4.0,-1.011,5.011,5.0184,0.0026,True,True
07e8faf130,LiCa6Ag(Bi2H)2,0.5479,Pmc2_1,orthorhombic,Bi,-3.0,1.9545,4.9545,4.9588,0.0023,True,True
03bfa8f034,Ba8Si15Ge,0.8836,Pm,monoclinic,Ge,4.0,-0.921,4.921,4.9263,0.001,True,True
068a9fe070,NbSe6IF6,1.5334,P2/c,monoclinic,Nb,1.0,5.8924,4.8924,4.8929,0.0029,True,True
039ec2e6f6,Cs14PaNbAs8,0.6147,Pm,monoclinic,Nb,5.0,0.1691,4.8309,4.8309,0.0024,True,True
0360e4233d,K20Si3GeP12,0.6516,Pm,monoclinic,Si,4.0,-0.8265,4.8265,4.834,0.0016,True,True
01a244dd18,Cs4PdPtSe32,0.796,P-4,tetragonal,Pt,4.0,-0.7909,4.7909,4.7909,0.0022,True,True
05d12717b8,VFe(ReO4)4,1.2747,P2/m,monoclinic,Re,7.0,2.254,4.746,4.8222,0.0217,True,True
071e370fa8,CsCaFeF6,3.6744,Pnma,orthorhombic,Fe,3.0,-1.718,4.718,4.7196,0.0052,True,True
09650ed89f,Nd5MnRhO12,0.2154,C2,monoclinic,Mn,7.0,2.2892,4.7108,4.7143,0.0069,True,True
00605d5741,K6Ba6AlGaSb8,0.5724,P3m1,trigonal,Al,3.0,-1.7028,4.7028,4.7059,0.0014,True,True
09d7a7615e,Cs4BiSb3Pt2,0.6832,Pm,monoclinic,Pt,2.0,-2.6644,4.6644,4.6725,0.0009,True,True
007c94494a,K6YAlSb4,0.8101,I222,orthorhombic,Al,3.0,-1.6289,4.6289,4.629,0.0026,True,True
02b822c823,KRb2Ba3GaSb4,0.4822,Cm,monoclinic,Ga,3.0,-1.5989,4.5989,4.6052,0.002,True,True
078158ac97,Cs6Re2MoH27,0.7095,P-62m,hexagonal,Mo,3.0,-1.5963,4.5963,4.5963,0.2603,True,True
0464ba093a,Rb9(NbAs3)2,0.5951,Pc,monoclinic,Nb,5.0,0.4106,4.5894,4.5924,0.0027,True,True
01c478020c,Cs12Na8Ti3SnP12,0.9692,C2,monoclinic,Ti,4.0,-0.5762,4.5762,4.5764,0.005,True,True
090a12fbe1,CuPtRhSe4,0.4301,Imma,orthorhombic,Pt,4.0,-0.5506,4.5506,4.5514,0.0054,True,True
0980c8888b,Rb8Ba4ZrSnP8,0.7927,P1,triclinic,Zr,4.0,-0.5328,4.5328,4.5399,0.002,True,True
01d25e16e9,Fe2AgPbF9,1.3137,C2/c,monoclinic,Fe,3.0,-1.5231,4.5231,4.5261,0.0098,True,True
068e6e1566,K7NaLi4(AlBi2)4,0.3171,Cm,monoclinic,Al,3.0,-1.4983,4.4983,4.4997,0.0037,True,True
07a454246a,Ho2Ta5WO18,2.1437,P-1,triclinic,Ta,4.0,8.4901,4.4901,4.4908,0.0071,True,True
07b4e238eb,BaTeRuO6,0.1304,P-6c2,hexagonal,Ru,4.0,-0.4372,4.4372,4.4373,0.0046,True,True
03d5e00088,Sr12Si5Ge3P16,0.9796,P1,triclinic,Si,4.0,-0.4358,4.4358,4.4476,0.0036,True,True
0281daeaf7,Mn3Ru(PtCl9)2,0.1506,C2,monoclinic,Ru,4.0,-0.4326,4.4326,4.4326,0.0043,True,True
02c9b4f1fb,Rb12Na8Ti3GeP12,0.9424,C2,monoclinic,Ti,4.0,-0.428,4.428,4.4283,0.0038,True,True
09491f974d,Dy5VOsO12,0.4922,C2,monoclinic,Os,4.0,-0.4198,4.4198,4.4208,0.0124,True,True
0033d0c8ce,K(WO3)2,1.7351,Ima2,orthorhombic,W,5.0,9.3976,4.3976,4.3995,0.0106,True,True
085c59306c,Tb5VOsO12,0.7133,C2,monoclinic,Os,4.0,-0.3872,4.3872,4.3877,0.0134,True,True
04087937fb,TiCu6MoS8,0.7175,P-4m2,tetragonal,Mo,4.0,-0.3545,4.3545,4.3545,0.0038,True,True
08dc299743,NdSmTa5WO18,2.0565,P1,triclinic,Ta,4.0,8.3531,4.3531,4.3539,0.005,True,True
082eb89658,NaZr6In3CBr18,1.1907,P1,triclinic,C,-2.0,-6.3384,4.3384,4.3393,0.0021,True,True
074882724d,Li2GaIO6,2.2633,C2,monoclinic,I,7.0,2.7155,4.2845,4.2888,0.0162,True,True
00b3cd290e,Ga3FeF12,4.0282,R-3m,trigonal,Fe,3.0,-1.2809,4.2809,4.2813,0.0037,True,True
03783973e7,Ba4TaNb(AlH10)2,0.1615,P1,triclinic,Al,3.0,-1.2714,4.2714,4.2851,0.0196,True,True
0982ba2db4,KRb4SrNbAs4,0.99,P1,triclinic,Nb,5.0,0.735,4.2651,4.2748,0.0044,True,True
018ceafbc0,NdTiCdWO7,1.6621,Imma,orthorhombic,Ti,3.0,7.237,4.237,4.2387,0.008,True,True
0183904081,LaPrTa5WO18,2.0087,P1,triclinic,Ta,4.0,8.2356,4.2356,4.2363,0.0046,True,True
026dcc0676,K5Rb12Na(GaSb4)2,0.4494,Amm2,orthorhombic,Ga,3.0,-1.2102,4.2102,4.2102,0.0011,True,True
03ff0e8775,Sr4AgH12Ir,2.0186,Cmmm,orthorhombic,Ir,3.0,-1.1905,4.1905,4.1908,0.0696,True,True
099f9ef167,Pr3Nd2(RuO6)2,0.2252,C2/m,monoclinic,Ru,5.0,0.8205,4.1795,4.1808,0.0162,True,True
027da3b075,Rb16SnGeSb8,0.1098,F-43m,cubic,Ge,2.0,-2.1652,4.1652,4.1652,0.0019,True,True
073078b262,K2GdTa5O15,2.2312,Cmmm,orthorhombic,Ta,5.0,9.1537,4.1537,4.154,0.0087,True,True
043a302fc6,IBr5F6,1.6135,C2/c,monoclinic,I,-1.0,3.1146,4.1146,4.1157,0.0033,True,True
02d1734c42,Cs12In2Sb5As,0.5031,Pm,monoclinic,In,3.0,-1.0985,4.0985,4.0999,0.0017,True,True
080fc3f82e,Ba8Tb4Al3FeO20,3.2529,P1,triclinic,Fe,3.0,-1.0803,4.0803,4.0977,0.0055,True,True
0708460a3b,SrTc2Hg3O10,2.1574,P-1,triclinic,Tc,7.0,2.9201,4.0799,4.1089,0.0864,True,True
0330c9ffc8,Hg3Os2F12,1.0474,P2_1/c,monoclinic,Os,4.0,-0.079,4.079,4.0841,0.0085,True,True
08198d15e3,Ca7ThBi6,0.5772,R3,trigonal,Th,4.0,-0.0528,4.0528,4.0561,0.002,True,True
00be7833b1,Rb7TaIn3As5,1.1099,P-1,triclinic,Ta,5.0,0.9498,4.0502,4.0694,0.0059,True,True
0171c285a5,KZrIrSe4,1.1103,Pm,monoclinic,Ir,3.0,-1.0458,4.0458,4.058,0.001,True,True
05491b9fc2,Rb14NbV(Ga3As5)2,0.952,P1,triclinic,Nb,5.0,0.9718,4.0282,4.0329,0.0114,True,True
01d214b62d,Li12VReN8,1.9706,P-4m2,tetragonal,Re,7.0,3.0031,3.9969,3.9969,0.0035,True,True
037f3eb96d,Cs2SbIr3S8,1.2019,P2/c,monoclinic,Ir,4.0,0.0068,3.9932,4.0019,0.001,True,True
02f3a7ff59,Na10Ca2NbVAs8,0.9406,P1,triclinic,Nb,5.0,1.0278,3.9722,3.9824,0.0068,True,True
0623c0cd59,Dy2Ni2B6Ir,0.0663,Cmmm,orthorhombic,Ir,3.0,-0.9646,3.9646,3.9646,0.0742,True,True
061f1e464a,Cs2K4Al4Sb5As,0.8998,Pm,monoclinic,Al,3.0,-0.9614,3.9614,3.9626,0.0023,True,True
070321dc82,K2Nb(WO4)3,2.012,C2,monoclinic,Nb,4.0,7.9416,3.9416,3.9426,0.0083,True,True
01c1e80464,KRb3Zr6GeI18,1.065,P1,triclinic,Ge,-4.0,-7.9212,3.9212,3.9215,0.0019,True,True
081343668a,Cs3Rb(AlSb4)4,0.2943,Pm,monoclinic,Al,3.0,-0.8818,3.8818,3.8848,0.0015,True,True
008fadbf9f,CsFeGe3O8,3.0247,P-1,triclinic,Fe,3.0,-0.8811,3.8811,3.8875,0.0193,True,True
042272ef3f,K3Ba3YSb4,1.3758,P6_3mc,hexagonal,Y,3.0,-0.8506,3.8506,3.8603,0.0018,True,True
030639148d,Ca10InReN10,0.8018,Cm,monoclinic,Re,7.0,3.1557,3.8443,3.8754,0.0064,True,True
039324bcb5,CuGeIrS4,0.6146,Imma,orthorhombic,Ir,4.0,0.172,3.828,3.8284,0.0035,True,True
0253903f02,Rb4Na2DyInSb4,0.8122,I222,orthorhombic,In,3.0,-0.8218,3.8218,3.822,0.0016,True,True
04fd982ddb,RuNF10,1.2453,Cm,monoclinic,Ru,5.0,1.1869,3.8131,3.8314,0.0082,True,True
0135f70cd5,ReS2BrO9,2.2576,P-1,triclinic,Re,7.0,3.187,3.813,3.8351,0.2943,True,True
0032baf733,Na5SrTaAs4,1.2438,Cc,monoclinic,Ta,5.0,1.2237,3.7763,3.7824,0.0034,True,True
02a4e19dc2,DyY3(TcO5)4,1.3807,P1,triclinic,Tc,7.0,3.2239,3.7761,3.808,0.0256,True,True
051bd49aae,Mn5Zn6Fe3(NiO6)4,0.3999,P-1,triclinic,Fe,3.0,-0.7611,3.7611,3.7626,0.0122,True,True
06afe5119f,Sm4Y(RuO6)2,0.1024,C2/m,monoclinic,Ru,4.5,0.7484,3.7516,3.7542,0.0149,True,True
0873610e75,Zr5TiIn4CBr18,1.0451,P1,triclinic,C,-2.0,-5.7516,3.7516,3.7665,0.0024,True,True
01bfa764b9,Cs4Nb8VP3S40,1.1436,P1,triclinic,V,5.0,1.2497,3.7503,3.7507,0.0067,True,True
01d0e872bf,SrCaCuReN4,0.7555,P2_1/m,monoclinic,Re,7.0,3.2588,3.7412,3.8338,0.0025,True,True
0466c45462,CsK11Mn4O16,1.9575,I-42m,tetragonal,Mn,5.0,1.2599,3.74,3.7481,0.0532,True,True
084ea419d2,Rb3Ru2Cl9,0.4081,P6_3/mmc,hexagonal,Ru,3.0,-0.7313,3.7313,3.84,0.0053,True,True
08ea879e4f,KRb3(GaSb4)4,0.2271,Pm,monoclinic,Ga,3.0,-0.728,3.728,3.7297,0.0016,True,True
019d442544,Ho3Tm(CrB4)4,0.1826,Pm,monoclinic,Cr,3.0,-0.7118,3.7118,3.7581,0.0307,True,True
022284f2f4,TbNd(TcO4)6,3.0834,P-6,hexagonal,Tc,7.0,3.3053,3.6947,3.6959,0.1178,True,True
02072231f3,Pr3Nd3(Os2O9)2,0.103,P1,triclinic,Os,4.0,0.3354,3.6646,3.9379,0.0247,True,True
07a648264b,TiInRh3Se8,0.418,R3m,trigonal,Rh,3.0,-0.6569,3.6569,3.715,0.0105,True,True
02b09c405f,Sr4Al2CrMoH20,0.1462,P1,triclinic,H,-1.0,-4.6473,3.6473,3.7999,0.1128,True,True
02bd2d20d3,LaNiSbH2,0.0519,P6_3/mmc,hexagonal,Sb,-3.0,0.642,3.642,3.642,0.0017,True,True
098403e1ae,Pt2ICl7,1.2567,P1,triclinic,Pt,4.0,0.3625,3.6375,3.6472,0.0044,True,True
073788bd40,Rb3Mn3(AsO4)4,1.0352,P-1,triclinic,Mn,3.0,-0.6315,3.6315,3.6339,0.0245,True,True
05fb6f9ee5,Hf4NpBiF22,0.1162,I222,orthorhombic,Bi,1.0,4.6296,3.6296,3.63,0.0059,True,True
03155cfbf6,CaMnFe(BO3)2,3.1463,Pnn2,orthorhombic,Fe,2.0,-1.6294,3.6294,3.6533,0.0351,True,True
060d9e6086,Ba5Bi3F,0.4007,I4/mcm,tetragonal,Bi,-3.0,0.6254,3.6254,3.6257,0.0026,True,True
08af9254dc,Na10Ca2TaVAs8,0.9442,P1,triclinic,V,4.0,0.3943,3.6057,3.6255,0.0068,True,True
05c44fa977,K12Na8Zr4As5P7,1.0496,P1,triclinic,Zr,4.0,0.3986,3.6014,3.6075,0.0014,True,True
03108cdac1,Ta2TiMoPb4O13,0.3508,Cm,monoclinic,Ti,4.0,7.5954,3.5954,3.605,0.0353,True,True
08d025616e,K5Rb(VTe4)2,0.6224,Pmn2_1,orthorhombic,V,5.0,1.4288,3.5712,3.572,0.0041,True,True
0422f63b5b,Fe3Ni(Se2O5)4,2.5918,P2,monoclinic,Fe,2.0,-1.5499,3.5499,3.587,0.0369,True,True
0830c3d128,Cs2VAgTe4,0.7145,Fddd,orthorhombic,V,5.0,1.4522,3.5478,3.5479,0.0024,True,True
07b807be14,Y4Ho2ScFeO12,2.9207,P1,triclinic,Fe,3.0,-0.5473,3.5473,3.5475,0.0024,True,True
03b6381cf7,TbHo5ScFeO12,2.9104,P1,triclinic,Fe,3.0,-0.5239,3.5239,3.5343,0.002,True,True
02b6bc652b,Ba8Tm3Sc(FeO5)4,2.7857,P1,triclinic,Fe,3.0,-0.4994,3.4994,3.5073,0.0033,True,True
0600bc421a,Mn2Fe(MoO4)3,2.8301,P-1,triclinic,Fe,3.0,-0.4916,3.4916,3.4936,0.0059,True,True
041035847d,Cs6In(IrBr6)3,1.4263,P3m1,trigonal,Ir,3.0,-0.4905,3.4905,3.575,0.0061,True,True
08b7b46386,V2Re4O17F,1.792,Cm,monoclinic,Re,7.0,3.5132,3.4868,3.5197,0.0177,True,True
0295018103,Cs8Zr6CI20,0.8938,Fm-3m,cubic,C,-4.0,-7.4859,3.4859,3.4859,0.002,True,True
08af70be48,CsRb13(PaAs4)2,0.7664,Pm,monoclinic,Pa,5.0,1.5301,3.4699,3.4704,0.0019,True,True
06582bd4c8,Zr6BTeBr11,1.0128,P1,triclinic,B,-3.0,-6.4697,3.4697,3.4848,0.0014,True,True
03558e0cd6,BaMn4Cr2O12,0.4681,P1,triclinic,Cr,3.0,6.4571,3.4571,3.4986,0.0107,True,True
0613d941c8,K4Li2AlFeH12,1.2652,R-3m,trigonal,Fe,3.0,-0.4524,3.4524,3.4528,0.4577,True,True
08c7eea4f1,HoRe6PbO24,0.159,P-6,hexagonal,Re,6.83,3.3872,3.4428,3.4444,0.111,True,True
09798e9da2,K12Na8Zr4(As3P)3,0.9951,P1,triclinic,Zr,4.0,0.5704,3.4296,3.434,0.0012,True,True
0757a0375d,Sm4Fe3(CoO4)5,0.3604,Pm,monoclinic,Fe,3.0,-0.427,3.427,3.4931,0.01,True,True
016ca4305c,Ba8HoTm3(FeO5)4,2.8342,P1,triclinic,Fe,3.0,-0.4233,3.4233,3.427,0.0033,True,True
037b163512,Pr4Fe3(CoO4)5,0.3228,Pm,monoclinic,Fe,3.0,-0.4228,3.4228,3.4928,0.0093,True,True
016d2b608a,RbZrCr9Se16,0.3443,P1,triclinic,Cr,3.0,-0.3917,3.3917,3.3931,0.007,True,True
0770132a9c,Sr2MgFe5(PO4)6,1.5952,C2,monoclinic,P,5.0,1.6084,3.3916,3.4061,0.5087,True,True
046e76c9bd,K6FeCuSe26,0.0758,P-1,triclinic,Fe,3.0,-0.3873,3.3873,3.3874,0.0047,True,True
0022dece73,BaMn4(FeO6)2,0.5316,P1,triclinic,O,-2.0,1.3764,3.3764,3.4394,0.0113,True,True
02755699e0,SmY3Fe3IO14,0.4379,R-3m,trigonal,I,7.0,3.6254,3.3746,3.3748,0.0065,True,True
064953adcb,Rb8SnAs4,0.1201,Fd-3m,cubic,Sn,4.0,0.6352,3.3648,3.3648,0.0026,True,True
03c7185819,Sr3V2WO9,1.1807,C2/m,monoclinic,V,3.0,6.3586,3.3586,3.3587,0.0104,True,True
08ba2715a8,Cs5BaPaAs4,0.8022,Cc,monoclinic,Pa,5.0,1.6422,3.3578,3.3634,0.0021,True,True
019465cdd8,Cs4Na2SmYSb4,1.4445,C222_1,orthorhombic,Y,3.0,-0.3556,3.3556,3.3562,0.0014,True,True
028b435b84,ThRe6SnO24,2.806,P-6,hexagonal,Re,7.0,3.6574,3.3426,3.3439,0.0314,True,True
06218d13b1,K4Mn3Al4FeF24,3.7868,Pm,monoclinic,Fe,2.0,-1.3376,3.3376,3.3557,0.0048,True,True
064acee880,DyEr3(Tm2C7)2,0.0534,P1,triclinic,C,-2.0,-5.3349,3.3349,3.3734,0.0139,True,True
0231e6c2ca,BaCePdS3,0.2678,Cmcm,orthorhombic,Ce,2.0,5.3332,3.3332,3.3346,0.0033,True,True
09f2439128,Rb8Ba4SiSnAs8,0.3212,P1,triclinic,Si,4.0,0.6672,3.3328,3.3493,0.0053,True,True
09372a0260,Y2Hf5TcF30,1.8078,C2,monoclinic,Tc,4.0,0.6687,3.3313,3.3319,0.0053,True,True
06999882d9,Ba7Na4Sr(AlP3)4,0.1608,P-1,triclinic,Al,3.0,-0.3304,3.3304,3.3425,0.0057,True,True
06c1da86bb,Na4Li2TeO6,2.4319,P2_1/c,monoclinic,Te,6.0,2.6727,3.3273,3.3296,0.0039,True,True
011d367132,KBe3FeF9,4.355,P-6c2,hexagonal,Fe,2.0,-1.3231,3.3231,3.3231,0.2172,True,True
03a8e5798c,Cs4Na2SmHoSb4,1.441,C222_1,orthorhombic,Ho,3.0,-0.3222,3.3222,3.3228,0.0013,True,True
0273a406c7,K8Na4ScIn3Sb8,0.8803,C2,monoclinic,In,3.0,-0.3127,3.3127,3.3137,0.0026,True,True
057d5f7f8e,HgBrNO3,1.8225,Pnma,orthorhombic,N,5.0,1.6875,3.3125,3.3125,0.0019,True,True
046b5b2a63,GdMo(S2O7)4,0.6701,P1,triclinic,S,6.0,2.6922,3.3078,3.3263,0.1814,True,True
04eaae2f86,LiScCr4O8,3.0207,F-43m,cubic,Cr,3.0,6.2992,3.2992,3.3854,0.0186,True,True
048e17f337,Cd4Ga6SO16,2.1892,I-4,tetragonal,S,6.0,2.7016,3.2984,3.2985,0.2966,True,True
0767c5fd21,Sr8VCo3O16,0.5218,P1,triclinic,Co,4.0,0.7191,3.2809,3.3079,0.0534,True,True
060077b241,V2ZnNi(TeO6)2,1.6309,Cmm2,orthorhombic,V,4.0,7.2808,3.2808,3.3564,0.0159,True,True
03a461c406,Ba2HoFeO5,2.8402,P2_1/c,monoclinic,Fe,3.0,-0.2793,3.2793,3.2925,0.0037,True,True
02d4926d75,Er6BiRuO14,0.4753,P-1,triclinic,Ru,5.0,1.7308,3.2692,3.2699,0.0132,True,True
03d0341795,Dy4VPt3F28,1.9968,P1,triclinic,V,4.0,7.2665,3.2665,3.2705,0.0058,True,True
05b0a8b260,K4Na2ErInP4,1.1919,I222,orthorhombic,In,3.0,-0.265,3.265,3.2652,0.0017,True,True
04243268d9,Ca4Mn3Fe(SiO4)4,2.6399,P-1,triclinic,Fe,2.0,-1.2619,3.2619,3.2628,0.2098,True,True
03933e8e29,Rb4Na2YHoSb4,1.3857,C222_1,orthorhombic,Y,3.0,-0.2595,3.2595,3.2597,0.0016,True,True
0139338f03,K3Ba4Tl(VSe4)4,1.0022,Pm,monoclinic,V,5.0,1.7437,3.2563,3.2601,0.0026,True,True
08f72c16c1,RbAlTe3O8,2.6381,P-1,triclinic,Al,3.0,6.2526,3.2526,3.2526,0.0051,True,True
052bc338e9,Tb3TmC7,0.1491,P-1,triclinic,C,-2.0,-5.247,3.247,3.2482,0.0148,True,True
09ddad8cff,Rb3Co2Cl9,1.2257,P6_3/mmc,hexagonal,Co,3.0,-0.2392,3.2392,3.2811,0.0071,True,True
0663125487,Tb4Mn4Fe3CuO20,0.079,Pm,monoclinic,Fe,3.0,-0.2362,3.2362,3.2481,0.0117,True,True
07a8196a5e,La2SmYB4I5,0.0587,Cm,monoclinic,B,-2.0,1.2125,3.2125,3.2409,0.0014,True,True
03755b1494,Rb8Na4Tb3YSb8,1.366,C2,monoclinic,Y,3.0,-0.201,3.201,3.2012,0.0015,True,True
0937c5cdde,Cs2LiPSe4,1.6987,Fddd,orthorhombic,P,5.0,1.8075,3.1925,3.1928,0.0018,True,True
07d0c00aa0,SrVWO6,1.924,P1,triclinic,V,4.0,7.1791,3.1791,3.184,0.0097,True,True
039710cdf1,SrTc4Hg7O20,1.9166,P-1,triclinic,Tc,6.25,3.0717,3.1783,3.1926,0.0672,True,True
04ccc27e70,Na3LiTc2F12,1.7338,P-42_1c,tetragonal,Tc,4.0,0.8343,3.1657,3.1841,0.0052,True,True
058c28b74f,LiAlSb4,0.077,Pnma,orthorhombic,Al,3.0,-0.1651,3.1651,3.1728,0.0017,True,True
06dc92e7b4,UCr3(AgSe4)2,0.2729,R-3m,trigonal,U,5.0,1.8376,3.1624,3.2052,0.0085,True,True
04f73ebb75,CsRb3Ba4(VSe4)4,0.9828,Pm,monoclinic,V,5.0,1.8396,3.1604,3.1643,0.002,True,True
062483b78f,Nd5TaRuO12,0.7086,C2,monoclinic,Ru,4.0,0.8441,3.1559,3.1562,0.0121,True,True
043233727a,Rb4Ru2Cl10O,0.6251,I4/mmm,tetragonal,O,-2.0,1.1555,3.1555,3.1595,0.0182,True,True
019bdf9d60,Tm5Lu3C14,0.0614,P1,triclinic,C,-2.0,-5.1422,3.1422,3.1452,0.0044,True,True
00caa94620,CsInSb4,0.2308,Pnma,orthorhombic,In,3.0,-0.1349,3.1349,3.1372,0.0014,True,True
02f229b7f5,Ho3TmFe4(CoO5)4,0.5921,Pm,monoclinic,Fe,3.0,-0.128,3.128,3.1318,0.0087,True,True
022769c386,Er4VPd3F28,1.0248,P1,triclinic,V,4.0,7.1241,3.1241,3.1407,0.0056,True,True
073912d306,BaSr3(ZnSb2)2,0.1168,Cm,monoclinic,Zn,2.0,-1.1223,3.1223,3.1275,0.0011,True,True
02ecc56ef2,CsNa3(PtS15)2,1.8934,P1,triclinic,Pt,4.0,0.8853,3.1147,3.1166,0.0045,True,True
0435eda151,Na2Ce2CuAuSe6,0.532,Amm2,orthorhombic,Au,3.0,-0.114,3.114,3.114,0.0013,True,True
057082db7a,Cs4V2PdSe8,1.1569,P2_1/c,monoclinic,V,5.0,1.8866,3.1134,3.1251,0.0034,True,True
099fd13f8b,ZnNi3(BrO3)8,3.7181,P1,triclinic,Br,5.0,1.8885,3.1115,3.1395,0.0319,True,True
039b109506,KRbNb2(CuSe2)4,1.4686,Pm,monoclinic,Nb,5.0,1.8953,3.1047,3.1049,0.0081,True,True
00b94f2819,Hf2Zr2Ti2BI12,0.141,P1,triclinic,B,-3.0,-6.1037,3.1037,3.107,0.0021,True,True
07de47c3e7,Ba3Na2(LiSb2)2,0.0632,C2/m,monoclinic,Sb,-3.0,0.0901,3.0901,3.0946,0.002,True,True
09f670882d,Cs12Na8Hf3TiAs12,0.9151,C2,monoclinic,Ti,4.0,0.9102,3.0898,3.0899,0.0025,True,True
03ca0d7f50,Y4MnCo3(CuO5)4,0.1054,P2,monoclinic,Co,4.0,0.9185,3.0815,3.0828,0.0141,True,True
0236cef5fd,Cs4Nb2FeCuS8,0.3598,F222,orthorhombic,Fe,2.0,-1.0801,3.0801,3.0801,0.0032,True,True
025d534cd8,MgNi3(BrO3)8,3.7789,P1,triclinic,Br,5.0,1.9221,3.0779,3.1018,0.0344,True,True
03cafecf99,Rb12NbV3Se16,1.357,Pm,monoclinic,V,5.0,1.9223,3.0777,3.078,0.0046,True,True
097ddf5994,Na4SnPtO6,2.169,C2,monoclinic,Pt,4.0,0.9319,3.0681,3.0682,0.0077,True,True
02d3f81a5f,Cs16MnSi3O16,1.0517,P1,triclinic,Mn,4.0,0.9321,3.0679,3.0774,0.0445,True,True
009c1ebe51,TbTm5(Cu3Sb4)2,0.333,I-4,tetragonal,Cu,1.0,-2.0677,3.0677,3.0732,0.0052,True,True
031e4b8e33,Pr4V3Fe(WO6)4,1.598,P1,triclinic,V,3.0,6.0615,3.0615,3.0732,0.0071,True,True
00e2264b19,MgFe4NiBr16,0.7241,C2,monoclinic,Fe,3.0,-0.0574,3.0574,3.0658,0.0022,True,True
06beb1aab4,Ba3InFeIrO9,0.1627,P6_3mc,hexagonal,Fe,3.0,-0.0572,3.0572,3.0588,0.004,True,True
01d1a37f7b,Mo(S4Cl3)2,0.3209,P-1,triclinic,Mo,6.0,2.951,3.049,3.0883,0.0016,True,True
06dfb993f0,Cs4Bi(SbS8)3,1.6227,P1,triclinic,Sb,5.0,1.967,3.033,3.0334,0.0028,True,True
0778ee85f6,P2Au2Br7Cl,2.1116,P2_1,monoclinic,Au,3.0,-0.0322,3.0322,3.0559,0.0028,True,True
08b900f8da,KReO3F2,3.1198,P2_1/m,monoclinic,Re,7.0,3.9749,3.0251,3.0382,0.0052,True,True
0492d0e62f,YTm5(Cu3Sb4)2,0.3346,I-4,tetragonal,Cu,1.0,-2.0207,3.0207,3.025,0.0053,True,True
01e8f2fd41,RbAc(SeO4)2,3.6343,C2,monoclinic,Se,6.0,2.9842,3.0158,3.0905,0.0917,True,True
045a87ba5b,Cs8BeCr3Se10,0.2255,P1,triclinic,Cr,3.0,-0.0115,3.0115,3.0191,0.0053,True,True
00db2dda42,Nd5NbRuO12,0.7485,C2,monoclinic,Ru,4.0,0.9888,3.0112,3.0118,0.0127,True,True
05bc62b476,NaLi(Bi3S5)2,1.2282,C2/m,monoclinic,Li,1.0,4.0054,3.0054,3.0056,0.0021,True,True
06d3848607,K3RbBa(VSe4)2,1.1293,I222,orthorhombic,V,5.0,2.0023,2.9977,3.0,0.0022,True,True
089fce386a,Y5Ho(Cu3Sb4)2,0.31,I-4,tetragonal,Cu,1.0,-1.9829,2.9829,2.9848,0.0047,True,True
09b5b88536,Pr7NdTe(IrO8)3,0.223,P1,triclinic,Ir,6.0,3.0269,2.9731,2.9866,0.0074,True,True
0287ffaba3,MgZnNi2(BrO3)8,3.8173,P1,triclinic,Br,5.0,2.0283,2.9717,3.0089,0.0331,True,True
00fad893d9,NdGd3(RuO6)2,0.1388,C2/c,monoclinic,Gd,3.0,0.0502,2.9498,2.951,0.0142,True,True
06388a524f,Y4Zr3TcF28,1.7861,P1,triclinic,Tc,4.0,1.0567,2.9433,2.9436,0.0056,True,True
03684cb2e9,Cs2NiWSe4,0.717,Fddd,orthorhombic,W,4.0,1.0568,2.9432,2.9433,0.0024,True,True
07c4037a10,RuRhF7,0.4881,Imma,orthorhombic,Ru,4.0,1.0572,2.9428,2.9434,0.0086,True,True
0426c0fde2,Sr(FeCl4)2,1.2492,P2/c,monoclinic,Fe,3.0,0.0632,2.9368,2.9398,0.0035,True,True
0701bc0b38,Y2ErCu3Sb4,0.3258,I-42d,tetragonal,Cu,1.0,-1.9348,2.9348,2.9356,0.005,True,True
07ee24c212,Sr6NbRh4O15,0.2022,R32,trigonal,Rh,4.0,1.0658,2.9342,2.9817,0.0097,True,True
05b2e980a7,Pr4Zr3TcF28,1.8257,P1,triclinic,Tc,4.0,1.066,2.934,2.9367,0.004,True,True
096b09b6f0,K4Na8Li4Si15Sn,1.0614,Pm,monoclinic,Sn,4.0,1.0753,2.9247,2.9368,0.002,True,True
0191905bfb,YHo5(Cu3Sb4)2,0.3289,I-4,tetragonal,Cu,1.0,-1.9203,2.9203,2.9209,0.0051,True,True
073ee62b90,Ba4ZnRe2NiN8,0.0712,Pm,monoclinic,Re,6.0,3.0917,2.9083,2.9248,0.0021,True,True
007d2c1fed,InCu(IrS2)4,0.7537,F-43m,cubic,Ir,3.0,0.0931,2.9069,2.9756,0.0062,True,True
04a07e085a,Na8Ca4TiGeAs8,0.9414,P1,triclinic,Ge,4.0,1.0953,2.9047,2.9146,0.0025,True,True
0620792a4a,PaN2F7,2.5719,C2/c,monoclinic,F,-1.0,1.9042,2.9042,2.9052,0.0205,True,True
019edbd57d,Mn3Zn(WO3)8,1.2661,C2/m,monoclinic,Zn,2.0,4.8871,2.8871,2.8872,0.0098,True,True
092e63c320,SrCa3(ReN3)4,1.9143,C2,monoclinic,Re,7.0,4.1196,2.8804,2.8871,0.0494,True,True
07f191fe45,Cs12V3PS16,1.744,Pm,monoclinic,V,5.0,2.1248,2.8752,2.8752,0.0069,True,True
08db1bd847,FeGe3(SO4)6,2.7128,R3,trigonal,Fe,2.0,-0.8699,2.8699,2.8829,0.1289,True,True
06478355e4,Dy2Ho3TcMoO12,0.6642,C2,monoclinic,Tc,4.0,1.1302,2.8698,2.8702,0.0031,True,True
05a3ef6af0,Ca3BSbO3,2.1844,P6_3/mmc,hexagonal,Sb,-3.0,-0.1391,2.8609,2.8609,0.1092,True,True
089ec09709,K7Sb(SO4)6,2.6053,R-3,trigonal,S,6.0,3.1418,2.8582,2.888,0.1028,True,True
0235e2b35f,AlGa3(SeO4)6,2.6101,R3,trigonal,Se,6.0,3.143,2.857,2.8784,0.1059,True,True
02fbe91e71,MnP2HS6,0.4851,P1,triclinic,P,4.0,1.1437,2.8563,2.872,0.0311,True,True
02db4891a3,Dy4Mn7FeO20,1.1427,Pm,monoclinic,Fe,3.0,0.1447,2.8553,2.8675,0.0136,True,True
05b3504373,NiP2(PdS4)2,1.1863,C2/m,monoclinic,P,5.0,2.1462,2.8538,2.8858,0.0048,True,True
02e8395ce6,RbFeTe3O8,2.4319,P-1,triclinic,Te,4.0,1.1506,2.8494,2.9144,0.0107,True,True
09499b6348,BaNa8Sr(ReN3)4,1.7766,C2,monoclinic,Re,6.0,3.1512,2.8488,2.8535,0.0077,True,True
05ea6f143a,K7Nb(SeO4)6,2.8533,R-3,trigonal,Se,6.0,3.1554,2.8446,2.9025,0.0908,True,True
062975f1d6,AlV(SeO3)4,1.4992,P2_1/c,monoclinic,V,5.0,7.8418,2.8418,2.8421,0.0498,True,True
09f1cc4655,DyErV2(WO6)2,1.6913,Pc,monoclinic,V,3.0,5.8402,2.8402,2.9282,0.0065,True,True
00aba85fa3,Na4Sr2SnAs4,0.4344,Cc,monoclinic,Sn,4.0,1.1598,2.8402,2.8492,0.0014,True,True
04b682d0b5,Ba4ScFe2ReO12,0.4409,I4/mmm,tetragonal,Fe,3.0,0.16,2.84,2.8412,0.0055,True,True
00feb7c3d7,Mn5Hg(MoO4)6,2.0476,P1,triclinic,Mo,6.0,3.1601,2.8399,2.8515,0.0073,True,True
038b04ffbd,TbHo4TcMoO12,0.6817,P1,triclinic,Tc,4.0,1.164,2.836,2.839,0.0026,True,True
025c244fce,Rb3ScIrBr9,1.7097,P-3m1,trigonal,Ir,3.0,0.1832,2.8168,2.86,0.0043,True,True
029fd91ebb,GdS4BrO15,1.7442,P1,triclinic,S,6.0,3.1851,2.8149,2.8349,0.2072,True,True
05635258e6,Tb4Y4Ir3WO24,0.2507,P1,triclinic,Ir,6.0,3.1897,2.8103,2.8713,0.006,True,True
09aaadc84a,Nd4Mn6FeAgO20,0.7055,Pm,monoclinic,Fe,3.0,0.1965,2.8035,2.8243,0.0081,True,True
0269334f6c,Rb3Hf2Te10Au,1.1245,P-1,triclinic,Au,3.0,0.2006,2.7994,2.8059,0.0019,True,True
0511c458db,Tb3DyFe2(SbO7)2,1.6673,C2/m,monoclinic,Fe,3.0,0.2027,2.7973,2.7983,0.0075,True,True
03ff87c9c2,Cs4Sr(AsS4)2,2.0273,P-1,triclinic,As,5.0,2.203,2.797,2.8259,0.0021,True,True
05a40fc72a,TaCu3SeS3,1.8164,R3m,trigonal,Ta,5.0,2.2135,2.7865,2.7884,0.0042,True,True
01ef9abda4,Sr8Bi5I,0.5083,I-4,tetragonal,Bi,-3.0,-0.2219,2.7781,2.7842,0.001,True,True
04e9d26fc6,ZnCuNi4(MoO4)6,0.9588,P1,triclinic,Mo,6.0,3.225,2.775,2.7822,0.0131,True,True
07f4c3c5da,K4Sr2TiAs4,1.2938,Cc,monoclinic,Ti,4.0,1.2322,2.7678,2.7796,0.0046,True,True
09c1178c27,Tb2VGeF14,2.0718,P-1,triclinic,V,4.0,6.7603,2.7603,2.7647,0.0045,True,True
00d94a5eb5,Ca4TaTi(MoO6)2,1.2319,P-1,triclinic,Mo,3.0,5.7582,2.7582,2.7615,0.0056,True,True
00b0f325a0,Dy2Mn2FeCuO10,0.3204,Pmc2_1,orthorhombic,Fe,3.0,0.2441,2.7559,2.7562,0.0068,True,True
0897ce6603,Ba4ScRuO8,0.1866,Cmmm,orthorhombic,Ru,5.0,2.2492,2.7508,2.7517,0.0054,True,True
0330b2fe0e,Mg3Pb(BrO3)8,3.6619,P1,triclinic,Br,5.0,2.2503,2.7497,2.7996,0.1225,True,True
08a8d037c2,Rb3AsIrBr9,1.7146,P-3m1,trigonal,Ir,3.0,0.2529,2.7471,2.7741,0.0042,True,True
00959f548c,La3Pr(IrO6)2,0.1711,P2_1,monoclinic,Ir,6.0,3.2533,2.7467,2.7602,0.0085,True,True
01eb64eb0d,SrH5Ir,2.5592,P2_12_12_1,orthorhombic,Ir,3.0,0.2744,2.7256,2.8296,0.0474,True,True
06c211997f,YTm3V4(WO6)4,1.689,P1,triclinic,V,3.0,5.7206,2.7206,2.8047,0.0058,True,True
00c281e3b8,Ba3LiP2H,1.2115,Pnma,orthorhombic,P,-3.0,-0.2817,2.7183,2.7205,0.0038,True,True
079ae07a42,Pd2(SO4)3,0.4512,R-3,trigonal,S,6.0,3.2836,2.7164,2.7433,0.1418,True,True
00e979a486,Tb2FeCoO6,1.8127,P2_1/c,monoclinic,Co,3.0,0.2896,2.7104,2.7106,0.0049,True,True
04d1512322,CaMn5(PO4)4,3.0294,P-1,triclinic,P,5.0,2.299,2.701,2.7455,0.2429,True,True
028b1ff3c3,Ac2S4O15,5.1102,P1,triclinic,S,6.0,3.3031,2.6969,2.7139,0.421,True,True
05aae6049f,BaSr3(ReN3)4,1.9908,C2,monoclinic,Re,7.0,4.3053,2.6947,2.7071,0.0262,True,True
01ca2e7942,Zn3Ni(SeO4)4,2.2267,P-1,triclinic,Se,6.0,3.3098,2.6902,2.7066,0.0238,True,True
014d5d5fda,Pt4I5Br7,0.6878,P1,triclinic,Pt,3.0,0.3106,2.6894,2.6982,0.0026,True,True
05416586e1,HoTi3(BiO4)3,2.4641,Pc,monoclinic,Bi,3.0,5.674,2.674,2.6835,0.0035,True,True
04e10be5a1,MgNi(Se2O7)2,2.7131,P-1,triclinic,Se,6.0,3.3268,2.6732,2.7331,0.088,True,True
000e39bcdd,Rb2Co3Br8,0.2741,Cm,monoclinic,Co,2.0,-0.6721,2.6721,2.6841,0.0047,True,True
0076475fa0,Fe2Sb3WO12,0.7537,Cmm2,orthorhombic,W,3.0,5.6701,2.6701,2.6825,0.008,True,True
0205697dff,VSbAsCl13,0.5905,Cmc2_1,orthorhombic,V,5.0,2.3339,2.6661,2.6673,0.008,True,True
088c1e5562,Ca3Cd2Fe(SiO3)6,2.6899,P1,triclinic,Fe,2.0,-0.666,2.666,2.6747,0.2006,True,True
0366e1b63e,Gd4Tm2TaWO14,2.6313,P1,triclinic,O,-2.0,0.6642,2.6642,2.6858,0.0167,True,True
0605fdf564,Rb8Li4Sc4As3P5,1.5725,P1,triclinic,Sc,3.0,0.3361,2.6639,2.6654,0.0025,True,True
0881263ab3,LaPrGdRuO7,0.196,P2_1/m,monoclinic,Ru,5.0,2.3409,2.6591,2.661,0.0153,True,True
09ef56a889,DyErIrO6,0.1196,P2_1,monoclinic,Ir,6.0,3.3521,2.6479,2.7012,0.0071,True,True
002ac3cdd6,SrTa3Cd3SbO14,2.2303,R-3m,trigonal,Ta,5.0,7.6474,2.6474,2.649,0.008,True,True
06154e1015,Rb4TaV(AgTe4)2,0.7429,F222,orthorhombic,V,4.0,1.3533,2.6467,2.6472,0.0025,True,True
080f674fcb,KRb3V2(CuTe4)2,0.7156,C2,monoclinic,V,4.0,1.355,2.645,2.6463,0.0021,True,True
06009394ba,Al2VAs(SeO3)8,1.6517,P-1,triclinic,V,5.0,7.6446,2.6446,2.6449,0.0722,True,True
086a0d4d0b,Tm(NbSe2)3,0.2691,P6_3/mcm,hexagonal,Nb,3.0,0.3572,2.6428,2.6428,0.0027,True,True
091403d0bc,KRbBaCaSb2,1.1976,Pmc2_1,orthorhombic,Sb,-3.0,-0.3616,2.6385,2.641,0.0012,True,True
0933b39611,P(WCl6)2,0.1823,P2_1/m,monoclinic,P,4.0,1.363,2.637,2.6372,0.0024,True,True
032f4d37d8,Sm4Sc3Fe(WO6)4,2.8459,P1,triclinic,Fe,3.0,0.3639,2.6361,2.6733,0.0086,True,True
07d3e8c53c,Tb4VRe(B8Mo)2,0.1956,Pm,monoclinic,V,5.0,2.3652,2.6348,2.6599,0.045,True,True
066f973434,In4FeCu(SeO3)8,0.9951,P-1,triclinic,Fe,2.0,-0.6342,2.6342,2.6348,0.0335,True,True
02f6fce483,Ba6TaV3S16,1.8274,R3,trigonal,V,5.0,2.3685,2.6315,2.6457,0.0043,True,True
011f6e577d,Zr5TiBBr12,0.1178,P1,triclinic,B,-3.0,-5.6303,2.6303,2.6326,0.0015,True,True
00c5c2818e,Tb3LuPd3RuO14,0.183,R-3m,trigonal,Ru,4.0,1.3733,2.6267,2.6274,0.0163,True,True
00496a4788,Pr4Th(PtO6)2,1.665,Cm,monoclinic,Pt,4.0,1.3789,2.6211,2.6304,0.0074,True,True
05a24f28bd,PrSmGd4(RuO7)2,0.1637,C2/m,monoclinic,Ru,5.0,2.3796,2.6204,2.6205,0.0198,True,True
05d7662ae4,LuPb4W3O13,0.2883,R3m,trigonal,Lu,3.0,5.6171,2.6171,2.6317,0.0236,True,True
05650349b0,Tm2Lu4IrO12,0.4008,P1,triclinic,Ir,6.0,3.3899,2.6101,2.6145,0.0059,True,True
012a70ab14,V(BrF2)3,1.1851,P-1,triclinic,V,3.0,5.6036,2.6036,2.6049,0.0085,True,True
062c62afc5,CsFeAs2O7,2.4978,P-1,triclinic,Fe,3.0,0.3979,2.6021,2.6169,0.1354,True,True
02799661f7,MgZnNi(MoO4)3,3.6773,P-1,triclinic,Mo,6.0,3.4001,2.5999,2.6178,0.0102,True,True
02bec0941b,NiHg3(BrO3)8,2.7916,P1,triclinic,Br,5.0,2.4045,2.5955,2.5962,0.0564,True,True
07668caf1e,Pr3TcBO9,0.5137,P6_3,hexagonal,Tc,4.0,1.4056,2.5944,2.6168,0.02,True,True
01da42c9e0,Rb4Ti2Cu3Te8Au,0.9006,P222,orthorhombic,Au,3.0,0.4139,2.5861,2.5861,0.003,True,True
06d230e1ba,TbCr4Bi3F28,1.6008,P1,triclinic,Cr,4.0,6.5815,2.5815,2.6068,0.0077,True,True
0153eecfc4,Mg5Mn(MoO4)6,3.0304,P1,triclinic,Mo,6.0,3.4214,2.5786,2.5846,0.0086,True,True
01206690f6,Er3Tm3IrO12,0.4273,R3,trigonal,Ir,6.0,3.426,2.574,2.5749,0.0092,True,True
066e0f4c23,CsCdSnSb2,0.7967,P-1,triclinic,Sn,2.0,-0.5736,2.5736,2.5791,0.0017,True,True
01fd7b1362,Th2U2H15,0.1033,R3,trigonal,U,3.5,6.0712,2.5712,2.6923,0.0298,True,True
089a8bc943,Cs2U(I2O)2,1.4131,P2_1/c,monoclinic,U,6.0,3.4337,2.5663,2.5667,0.0018,True,True
0790ac0c7f,Pr5LuU4O20,0.0991,P-1,triclinic,Lu,3.0,5.5649,2.5649,2.5651,0.0035,True,True
05f23892a8,Cs2TaNb(AgTe2)4,1.1544,Pm,monoclinic,Nb,5.0,2.4358,2.5642,2.5642,0.0018,True,True
0079068760,K4Mn(AsO4)2,2.5099,P-1,triclinic,As,5.0,2.438,2.562,2.5729,0.0209,True,True
094871cdcf,RbSnPS4,1.9609,P2_1/c,monoclinic,P,5.0,2.4406,2.5594,2.5622,0.0029,True,True
04c3e87772,TmLu(SeO4)3,3.6958,R-3,trigonal,Se,6.0,3.4542,2.5458,2.5669,0.0569,True,True
02f65680ee,NdTa2WO9,1.7349,P2_1/m,monoclinic,W,5.0,7.5367,2.5367,2.5368,0.0065,True,True
01e61a7f80,ErTm3(SeO4)6,3.7429,R3,trigonal,Se,6.0,3.4646,2.5354,2.5476,0.0768,True,True
0738006785,Sr12TaNb3(As3O)4,1.2417,Pm,monoclinic,Nb,5.0,2.4721,2.5279,2.5336,0.0016,True,True
07cf423cc7,Cs11RbSc2(FeSe6)2,0.5627,P1,triclinic,Fe,3.0,0.4786,2.5214,2.5247,0.003,True,True
03bedd85fb,TiAg2(BrO3)6,1.7689,P3,trigonal,Br,5.0,2.4803,2.5197,2.5275,0.0521,True,True
089b9c7a09,Dy4VRe(B8Mo)2,0.2044,Pm,monoclinic,V,5.0,2.4834,2.5166,2.5939,0.0518,True,True
036483f4c4,Ba2Ca3(AlSb3)2,0.3701,Pbam,orthorhombic,Al,3.0,0.4853,2.5147,2.516,0.0023,True,True
017fc0cb4f,MnFe3Bi4(AsO5)4,2.3738,P1,triclinic,As,5.0,2.492,2.508,2.5176,0.067,True,True
0294416ece,Nd3Dy(RuO6)2,0.2422,C2/c,monoclinic,Ru,6.0,3.4966,2.5034,2.5119,0.0101,True,True
068cd59d37,HoTm3Tc3PtF28,1.513,P1,triclinic,Tc,4.0,1.4981,2.5019,2.5251,0.004,True,True
097fdbedec,Na4FeSbO6,2.2728,C2,monoclinic,Fe,3.0,0.4994,2.5006,2.5008,0.0054,True,True
082f43e660,Ho4MoSe5O24,3.8533,C2,monoclinic,Se,6.0,3.5001,2.4999,2.5101,0.064,True,True
03d6b90561,ScH6Ir,0.658,R-3m,trigonal,Ir,3.0,0.5068,2.4932,2.4948,0.0113,True,True
02d9edea9f,TbSm(B4W)2,0.2609,P2/m,monoclinic,W,3.0,0.5074,2.4926,2.4929,0.0491,True,True
088fbb5e81,Ti4V7GaO20,1.3875,P1,triclinic,Ti,4.0,6.4904,2.4904,2.5041,0.0089,True,True
015b1f4c58,Ac2Zr2O7,3.9445,Fd-3m,cubic,Zr,4.0,6.49,2.49,2.4904,0.0052,True,True
04c3c43f47,NaCr2BiO8,2.285,I-4m2,tetragonal,Cr,6.0,3.5164,2.4836,2.4852,0.2541,True,True
08a5f25701,Cs2SbP2S7,1.776,C2/m,monoclinic,P,5.0,2.5193,2.4807,2.5067,0.0043,True,True
01c722db61,Ba5Sr7(BN2)8,2.5879,P1,triclinic,B,3.0,0.5274,2.4726,2.4846,0.0293,True,True
086281092e,Tb2Dy2ZrPt3F28,2.4079,P1,triclinic,Zr,4.0,6.471,2.471,2.4713,0.0059,True,True
06254fe26a,La2Nd3Sm(RuO7)2,0.2522,Pm,monoclinic,Ru,5.0,2.5303,2.4697,2.4755,0.0142,True,True
056b236b10,MnCo(S2O7)2,3.0814,P-1,triclinic,S,6.0,3.5323,2.4677,2.4813,0.1489,True,True
04993e0d8e,Li8SnP8Pb7O32,3.211,P1,triclinic,P,5.0,2.533,2.467,2.586,0.6748,True,True
029c9ec97c,CaCuAu(SO4)4,0.8627,C2/m,monoclinic,S,6.0,3.5366,2.4634,2.4728,0.2983,True,True
09e9fb5797,Cd3Hg(SeO4)4,1.5091,P-1,triclinic,Se,6.0,3.5376,2.4624,2.4829,0.0309,True,True
0703a87c5f,La2Gd3Dy(RuO7)2,0.2617,Pm,monoclinic,Ru,5.0,2.5378,2.4622,2.474,0.0176,True,True
0290507c3d,Ba4Li2(CdSb2)3,0.3474,Cmcm,orthorhombic,Sb,-3.0,-0.5401,2.4599,2.4607,0.0012,True,True
0171537c04,Sr3NdBi2Sb,0.4092,P1,triclinic,Bi,-3.0,-0.5435,2.4565,2.4572,0.0013,True,True
09e7fa7e13,Tm2VPtF14,2.0109,P2_1,monoclinic,V,4.0,6.4476,2.4476,2.4687,0.0088,True,True
0533d9453f,CeDy4Mn2O12,1.7132,Cm,monoclinic,Mn,4.0,1.5549,2.4451,2.4518,0.0078,True,True
08239aabcc,Sr4Nb(MoO4)3,1.2746,P-1,triclinic,Nb,5.0,7.4451,2.4451,2.4459,0.0117,True,True
009e7d5015,Ca2GdVO6,2.2727,Cmc2_1,orthorhombic,Gd,3.0,0.5592,2.4408,2.4827,0.0286,True,True
02fbe53f1b,Y2HfMnF14,2.7068,P-1,triclinic,Hf,4.0,6.4388,2.4388,2.4609,0.0044,True,True
0024ba3671,Cs6Sb2SeS7,1.9963,P2_1,monoclinic,Sb,5.0,2.5624,2.4376,2.4893,0.0037,True,True
00676e7020,Sr6Mg2NiPdO12,1.4438,R-3,trigonal,Ni,4.0,1.5676,2.4324,2.4334,0.0054,True,True
07c84371e0,MgMnFe2(AsO3)8,1.8951,C2/m,monoclinic,Fe,2.0,-0.4246,2.4246,2.4249,0.0106,True,True
057fe73461,NpP2Cl15,0.0803,C2/m,monoclinic,P,5.0,2.5774,2.4226,2.4287,0.0042,True,True
03ca1bc072,LiMnPtO4,0.8131,Imma,orthorhombic,Pt,4.0,1.5797,2.4203,2.4224,0.0052,True,True
004b9e45f6,KRb2Cr3F12,3.1268,P2_1/m,monoclinic,Cr,3.0,5.4163,2.4163,2.4174,0.0062,True,True
050e7a0b35,Ba3(PaS4)2,1.3742,P2/m,monoclinic,Ba,2.0,4.4147,2.4147,2.4147,0.0025,True,True
09d357d451,AgAu(SO4)2,1.1627,P2_1/c,monoclinic,S,6.0,3.5863,2.4137,2.4567,0.2625,True,True
06251cb4f3,Ba2ScPaS6,1.4798,Fm-3m,cubic,Sc,3.0,5.4134,2.4134,2.4134,0.0017,True,True
0425f781f0,Rb3Re2Br10N,0.4211,P4/mnc,tetragonal,N,-3.0,-0.5896,2.4104,2.4104,0.0016,True,True
028f9c440a,K9Rb3(NbS4)4,2.3511,Pm,monoclinic,Nb,5.0,2.5965,2.4035,2.4038,0.0018,True,True
0181ab5978,Rb2MgZn(SiAs2)2,1.1944,P-1,triclinic,Si,3.0,0.5976,2.4024,2.4359,0.0056,True,True
050d1e6819,Fe3P2Pb3WO14,2.8261,P321,trigonal,W,6.0,3.6004,2.3996,2.4841,0.7974,True,True
06f527b3b1,Cs3Sc(IO3)6,3.3245,P-1,triclinic,Sc,3.0,5.3992,2.3992,2.3999,0.002,True,True
00c9cc7e5d,HoTm2Ag(Pt2O7)2,0.1792,C2/m,monoclinic,Pt,4.0,1.6014,2.3986,2.3988,0.007,True,True
04caf40a0d,Cr3SnCl16,1.0016,P1,triclinic,Cr,4.0,1.602,2.398,2.4085,0.0074,True,True
082ef3b66d,Ca6PtO8,1.9212,Fm-3m,cubic,Pt,4.0,1.6027,2.3973,2.3973,0.0027,True,True
03fa857a23,GdHO,2.535,F-43m,cubic,Gd,3.0,0.6091,2.3909,2.3909,0.0,True,True
06d250888e,KPu2(AsO4)3,0.1728,R-3c,trigonal,Pu,4.0,1.6098,2.3902,2.4351,0.0655,True,True
04cef5d3fd,Rb4Ti6CCl18,0.9845,C2/m,monoclinic,C,-4.0,-1.6126,2.3874,2.3874,0.0045,True,True
07f2675476,CeZr4BiF22,0.1895,I222,orthorhombic,Ce,3.0,5.3848,2.3848,2.385,0.0065,True,True
01f7ffff6a,Nd2Gd3Lu(RuO7)2,0.1993,Pm,monoclinic,Ru,5.0,2.6162,2.3838,2.3899,0.0208,True,True
0887f64104,K5ZrAs3,1.0207,P2_1/c,monoclinic,Zr,4.0,1.6214,2.3786,2.3788,0.0014,True,True
0041890b76,K8ThAs4,0.817,Fd-3m,cubic,Th,4.0,1.622,2.378,2.378,0.0014,True,True
01afe53316,TbGd3(SiO5)2,3.2664,P1,triclinic,O,-2.0,0.3775,2.3775,2.4153,0.1371,True,True
02a9de983d,TbTl2Ag(Pt2O7)2,0.2729,C2/m,monoclinic,Pt,4.0,1.6302,2.3698,2.37,0.0055,True,True
05ba2ac0db,Cs2Ge(PdSe2)3,0.9103,R-3m,trigonal,Ge,4.0,1.6308,2.3692,2.3697,0.004,True,True
051fa2e755,H4AuNCl4,1.4109,I4_1/a,tetragonal,N,-3.0,-0.6322,2.3678,2.3682,0.0344,True,True
06b9f3b20d,Gd5DyWO12,2.8702,P1,triclinic,O,-2.0,0.3678,2.3678,2.3778,0.0195,True,True
0694d72a55,Gd5YWO12,2.8793,P1,triclinic,O,-2.0,0.3593,2.3593,2.3733,0.0193,True,True
00b2709ecf,RbLaCr2O8,2.7706,P-3m1,trigonal,Cr,6.0,3.6409,2.3591,2.5608,0.1903,True,True
03a0c2b801,Gd2TmTaO7,2.8115,C2,monoclinic,O,-2.0,0.3563,2.3563,2.3567,0.0091,True,True
0223997ec7,Ac2Mn2Se2O3,2.0667,I4/mmm,tetragonal,O,-2.0,0.3546,2.3546,2.3553,0.0055,True,True
098983c0b7,Pr4HfTc3F28,1.7052,P1,triclinic,Tc,4.0,1.6457,2.3543,2.355,0.0057,True,True
06e7a7f62a,Tb2Ho4IrO12,0.4423,P1,triclinic,Ir,6.0,3.646,2.354,2.3656,0.0039,True,True
099a8ed925,Dy3Zr4UF28,0.2197,P1,triclinic,U,3.0,5.3518,2.3518,2.3733,0.007,True,True
01444cd24f,Al(FeI4)3,0.282,P1,triclinic,Fe,3.0,0.6528,2.3472,2.3504,0.0021,True,True
051f848834,Pr4Tc3IrF28,0.1247,P1,triclinic,Tc,4.0,1.6558,2.3442,2.3714,0.0083,True,True
029e69afbe,KAc(SO4)2,5.4932,R-3m,trigonal,S,6.0,3.6569,2.3431,2.3504,0.0702,True,True
02855f779a,Sr3LaCrFeO8,0.9822,Amm2,orthorhombic,Fe,3.0,0.6597,2.3403,2.3403,0.0038,True,True
03bc003439,Ca14Sn(GeAs6)2,0.7642,R3,trigonal,Ge,3.0,0.6698,2.3302,2.3489,0.0025,True,True
07caabcaaa,Ba8Li2Nb5SbO24,2.6557,P3m1,trigonal,Nb,5.0,7.3295,2.3295,2.3309,0.0065,True,True
005c11c5a7,Rb4ZrReBr12,1.0926,P4/mmm,tetragonal,Re,4.0,1.6757,2.3243,2.3243,0.0026,True,True
02028ee042,CsRbPd2PtSe4,1.0568,C2,monoclinic,Pt,2.0,-0.3199,2.3199,2.3213,0.0024,True,True
01b76a8834,Li6Nd5Sm(TeO6)4,3.1392,C2,monoclinic,Te,6.0,3.6844,2.3157,2.3183,0.007,True,True
09b26c01b2,K3Cr(SO4)3,2.893,R-3,trigonal,S,6.0,3.6854,2.3146,2.4025,0.11,True,True
0642c03004,Li2FeSn3O8,1.1855,R-3m,trigonal,Fe,2.0,-0.3116,2.3116,2.3124,0.0063,True,True
09c981fcb0,DyTlCu2(TeO6)2,0.2611,P-3,trigonal,Te,6.0,3.689,2.311,2.3152,0.0028,True,True
088b986132,Nd3Sm(SeO4)6,3.9993,R3,trigonal,Se,6.0,3.6924,2.3076,2.3214,0.0757,True,True
02b2c76f52,Ba6Mn4CoO15,1.7471,P1,triclinic,Mn,4.0,1.6924,2.3076,2.3464,0.0116,True,True
0523be3e8d,TmCr4(AuO4)3,1.4961,Im-3,cubic,Cr,3.0,5.3065,2.3065,2.3087,0.0247,True,True
0714392fc9,Rb2Te3PtO12,0.8751,R-3m,trigonal,Pt,4.0,1.6953,2.3047,2.3057,0.0173,True,True
04fd5446c5,CsRbLiRhBr6,1.4933,P3m1,trigonal,Rh,3.0,0.7025,2.2975,2.3,0.003,True,True
0954294634,ZnNiPtO4,0.5969,Imma,orthorhombic,Pt,4.0,1.7034,2.2966,2.2989,0.0059,True,True
049cc74c72,CsMnSn3O8,0.8544,P1,triclinic,Mn,3.0,0.7062,2.2938,2.299,0.005,True,True
01835c44ac,K2Si3PtO9,2.4933,R3,trigonal,Pt,4.0,1.7063,2.2937,2.2951,0.0217,True,True
03cd6350ca,Ni4Sb7WO24,1.1641,C2,monoclinic,W,4.0,6.2937,2.2937,2.2938,0.0044,True,True
00f2c1e2e9,Na4SrSiGeSe6,2.3721,P1,triclinic,Si,4.0,1.7153,2.2847,2.291,0.001,True,True
03336ab664,CdNiPtO4,0.4792,Imma,orthorhombic,Pt,4.0,1.7158,2.2842,2.2889,0.0064,True,True
036b4aaa27,Cs2CuPO4,2.7353,P2_1,monoclinic,P,5.0,2.7158,2.2842,2.3269,0.119,True,True
08416d4fcf,CsYSe2O7,3.5873,R-3m,trigonal,Se,5.0,2.7193,2.2807,2.326,0.0119,True,True
086da6cd22,Ba6TmPd4O15,0.4735,P1,triclinic,Pd,4.0,1.725,2.275,2.2806,0.0047,True,True
0575e76bf4,SrCeP2,0.7585,R-3m,trigonal,Ce,4.0,1.7276,2.2724,2.2727,0.0017,True,True
03c0d7f19e,TaCd2Sb3(PbO7)2,1.9583,C2/m,monoclinic,Ta,5.0,7.2721,2.2721,2.2722,0.0155,True,True
0235a0279b,Rb2Pt(WO4)3,1.1833,C2,monoclinic,W,6.0,8.2647,2.2647,2.2648,0.0089,True,True
02b071051a,Sr6Ca2Mg3CdSb8,0.4681,Pm,monoclinic,Mg,2.0,-0.264,2.264,2.2838,0.0022,True,True
04131a3026,Sr6MgNi(PdO6)2,2.0002,R32,trigonal,Pd,4.0,1.7387,2.2613,2.2685,0.0058,True,True
039b549650,KRb3ZrPtI12,1.0691,P2,monoclinic,Pt,4.0,1.7395,2.2605,2.2654,0.0012,True,True
0533dcaf2d,Na8ZrAs4,0.957,Fd-3m,cubic,Zr,4.0,1.7406,2.2594,2.2594,0.0007,True,True
00f4228135,CeTm3Zr4F28,0.1735,P1,triclinic,Ce,3.0,5.258,2.258,2.2677,0.008,True,True
0430c9de92,HRuPb2F10,1.1126,P-1,triclinic,Ru,5.0,2.743,2.257,2.2574,0.0038,True,True
081ca60427,Er5MoRhO12,1.5713,C2,monoclinic,Rh,4.0,1.7432,2.2568,2.2569,0.0085,True,True
038dc496e6,Cs2Mg5Sb4,1.3788,Cmcm,orthorhombic,Sb,-3.0,-0.7473,2.2527,2.2543,0.0015,True,True
003c5ffaf8,Ba3AgAs2H,0.8796,Pnma,orthorhombic,H,-1.0,-3.2508,2.2508,2.2552,0.0018,True,True
0533e4b237,Cs2Mn(PS3)2,1.241,P2_1/c,monoclinic,P,4.0,1.7539,2.2461,2.2516,0.0025,True,True
01a142c7db,YBi3(PS4)4,2.0147,P1,triclinic,P,5.0,2.7553,2.2447,2.2448,0.0035,True,True
0335101604,Pr4NdGd3(WO6)4,3.4185,P1,triclinic,O,-2.0,0.2422,2.2422,2.2732,0.0054,True,True
080eb95df2,Mn7Zn(AsO5)4,0.1421,Pm,monoclinic,As,5.0,2.7622,2.2378,2.2915,0.0583,True,True
04ee602dd7,Na2Mg3(SeO3)4,4.5289,P-1,triclinic,Se,4.0,1.765,2.235,2.2472,0.0527,True,True
04c2aff4cc,TaAg6AsS8,0.7117,Pm,monoclinic,Ta,5.0,2.767,2.233,2.2334,0.0041,True,True
03cb3815a5,K3Na2HfAs3,1.0047,Cmce,orthorhombic,Hf,4.0,1.7695,2.2305,2.2308,0.0011,True,True
0898a6dd3c,NdTlCr2(TeO6)2,1.2699,P-3,trigonal,Cr,3.0,5.2293,2.2293,2.249,0.0101,True,True
03ed40f0fd,K2Mg3(SeO3)4,4.5909,C2/m,monoclinic,Se,4.0,1.7708,2.2291,2.2527,0.0339,True,True
074f9a424a,Ba4FeReWO12,1.6442,R3m,trigonal,Re,7.0,4.7715,2.2285,2.2598,0.0079,True,True
047f1f8a93,Cs4Li2DyInAs4,1.0037,I222,orthorhombic,In,3.0,0.7741,2.2259,2.2268,0.0012,True,True
0706cabaa3,Sr6TiCo4O15,0.6374,R32,trigonal,Ti,4.0,6.2194,2.2194,2.2219,0.0104,True,True
03b7fcd88a,Ba6CaMn3NiO15,1.404,R3,trigonal,Mn,4.0,1.7824,2.2176,2.2404,0.0084,True,True
0285212a2a,Ho4HfPt3F28,2.3964,P1,triclinic,Hf,4.0,6.2134,2.2134,2.2218,0.0045,True,True
096ffbef0e,Ho3Er2MoRhO12,1.5669,P1,triclinic,Rh,4.0,1.7897,2.2103,2.2213,0.0064,True,True
0330631fb0,ErNb(Bi3O7)2,1.0326,P1,triclinic,Bi,3.33,5.5375,2.2075,2.2124,0.0118,True,True
03f58e2518,Ba2MgMn6NiO16,1.1052,R-3m,trigonal,Mn,4.0,1.7941,2.2059,2.2074,0.0065,True,True
03a8976ed1,Fe3Sb2Br3ClO4,2.4978,C2/m,monoclinic,O,-2.0,0.2058,2.2058,2.2343,0.0105,True,True
07ad277177,Ba2Eu(GaP2)2,0.0898,C2/c,monoclinic,Ga,3.0,0.7944,2.2056,2.2238,0.0037,True,True
06402bd03f,Rb3Na3(TaSe4)2,2.4549,C2/c,monoclinic,Ta,5.0,2.7968,2.2032,2.218,0.0038,True,True
069b6e9131,Tb3Nd2Tm(RuO7)2,0.1946,Pm,monoclinic,Ru,5.0,2.8068,2.1932,2.1981,0.0128,True,True
0187e02067,Y2ZrPtF14,2.5152,P-1,triclinic,Zr,4.0,6.1871,2.1871,2.1889,0.0058,True,True
00080bd83a,Ba4TbGd(ClO3)2,2.774,P4mm,tetragonal,Gd,3.0,0.8137,2.1863,2.2001,0.0017,True,True
03a71e491a,NaTbH6Ru,2.5488,F-43m,cubic,Ru,2.0,-0.1856,2.1856,2.1856,0.0594,True,True
032aee15c1,SrCa(CoO2)6,1.1678,P2/m,monoclinic,Co,4.0,1.8151,2.1849,2.1875,0.0067,True,True
04efac5362,SrNd(CoO2)6,1.0768,P2/m,monoclinic,Co,4.0,1.8158,2.1842,2.1896,0.0064,True,True
087ecedb6d,RbBaNbS4,2.0652,Pnma,orthorhombic,Nb,5.0,2.8159,2.1841,2.1882,0.002,True,True
045269ad3b,Cs2Ni2PdSe4,0.8335,C2/m,monoclinic,Pd,2.0,-0.1828,2.1828,2.1839,0.0012,True,True
02a66694f2,TbHo3Cr2(FeO6)2,2.2536,P1,triclinic,Fe,3.0,0.8196,2.1804,2.1821,0.017,True,True
0938ed9d74,SmGd5YRhO12,1.9929,P1,triclinic,O,-2.0,0.1772,2.1772,2.1786,0.0061,True,True
0491cbdc95,Na8Zn3CoBr16,0.7932,Pm,monoclinic,Co,2.0,-0.175,2.175,2.1781,0.0021,True,True
066ac5ea88,Tb3Nd2Er(RuO7)2,0.2001,Pm,monoclinic,Ru,5.0,2.8254,2.1746,2.1994,0.0131,True,True
05fc0365d7,DyEr2Ag(Pt2O7)2,0.1662,C2/m,monoclinic,Pt,4.0,1.8271,2.1729,2.173,0.006,True,True
053bbf1568,Mg3Zn(AsN3)2,2.129,P1,triclinic,As,5.0,2.8341,2.1659,2.174,0.0286,True,True
0946a61e59,Sr2CeTh3Se10,0.6179,Pc,monoclinic,Ce,3.0,5.1631,2.1631,2.1633,0.0015,True,True
01cd7ad2c6,GdSb5O13,1.5763,P2_1/m,monoclinic,O,-2.0,0.1607,2.1607,2.2319,0.007,True,True
02dbf36984,PrSeClO4,2.7849,C2/m,monoclinic,Se,6.0,3.8484,2.1516,2.1597,0.0627,True,True
03697c5f94,Tb4YMoRhO12,1.5085,P1,triclinic,Rh,4.0,1.8542,2.1458,2.1467,0.0064,True,True
069bff255f,KTiCuP2,0.5535,I-4m2,tetragonal,Cu,1.0,-1.1416,2.1416,2.1419,0.0016,True,True
0702d8fd4e,K8Rb4Li3Si16Ag,1.3033,P-1,triclinic,Li,1.0,-1.14,2.14,2.1402,0.0033,True,True
0025f81102,Tb2DyY(Mo2O7)2,1.2296,C2/m,monoclinic,Mo,4.0,6.1368,2.1368,2.1378,0.0065,True,True
07ebf16155,Gd6LuScO12,3.1933,R-3,trigonal,Gd,3.0,0.8687,2.1313,2.1714,0.0037,True,True
05521ba960,Na6AsIO5,1.9225,F-43m,cubic,As,5.0,2.8722,2.1278,2.1278,0.0349,True,True
056470ca7b,Sr2MgWN4,2.1163,P2_1/m,monoclinic,W,6.0,3.8733,2.1267,2.1488,0.0073,True,True
007872dba2,Ac3IO4,2.7221,P4/mmm,tetragonal,I,-1.0,-3.1188,2.1188,2.1188,0.001,True,True
0767ff1a51,Ho4Hf3PdF28,2.0351,P1,triclinic,Pd,4.0,1.8827,2.1173,2.1213,0.0052,True,True
01e7158039,K3Ta2Cu3Te8,1.3504,C2/c,monoclinic,Ta,5.0,2.8833,2.1167,2.126,0.0017,True,True
01cf431aeb,DyHoCrFeO6,2.2565,P2_1,monoclinic,Fe,3.0,0.884,2.116,2.1275,0.0162,True,True
057d40b16e,Er3Tm(B4W)4,0.321,Pm,monoclinic,B,-1.5,-3.6093,2.1093,2.2514,0.0502,True,True
03d90034be,SrCa5Co2(SeO3)8,3.1415,C2,monoclinic,Se,4.0,1.8915,2.1085,2.1353,0.0499,True,True
097aaeeb91,Nd6YRhO12,2.125,R-3,trigonal,Rh,3.0,0.8984,2.1016,2.103,0.004,True,True
009fca9686,Lu2In4(TeO6)3,1.9288,C2,monoclinic,Te,6.0,3.9046,2.0954,2.0958,0.0036,True,True
088c4bdcb8,CsLi2TaSe4,2.2713,Ama2,orthorhombic,Ta,5.0,2.9067,2.0933,2.0934,0.0023,True,True
05a58c13e1,Sr3LaScCoO8,1.4039,Amm2,orthorhombic,Co,4.0,1.9088,2.0912,2.0912,0.0067,True,True
09959298f1,Cs(CoO2)4,1.1268,R-3m,trigonal,Co,4.0,1.9108,2.0892,2.0895,0.0082,True,True
0887b1f405,NaMn3CoO8,1.3308,C2/m,monoclinic,Co,4.0,1.9196,2.0804,2.0828,0.0053,True,True
02e85be1d4,DyHo2ScMn4O14,1.0375,C2/m,monoclinic,O,-2.0,-4.0804,2.0804,2.0805,0.0172,True,True
05da8b4f18,Pr4NdGd3(SiO5)4,3.4106,P1,triclinic,O,-2.0,0.0718,2.0718,2.1118,0.1321,True,True
05cd9c852a,InBi3Br28,1.3983,P1,triclinic,Br,-0.57,1.4989,2.0689,2.0727,0.0025,True,True
092c512c5b,Cs3La(NbS4)2,2.0514,C2/c,monoclinic,Nb,5.0,2.9332,2.0668,2.0932,0.0012,True,True
0644d82bb9,Cs3Rb(CoBr4)2,0.6758,P2_1/m,monoclinic,Co,2.0,-0.0663,2.0663,2.0925,0.0014,True,True
05a858818a,Dy3ErTc4F28,1.6209,P1,triclinic,Tc,4.0,1.9412,2.0588,2.0797,0.0054,True,True
0350bc781c,Ba6Tb2(WO6)3,3.0125,R-3m,trigonal,Tb,3.0,5.0565,2.0565,2.0875,0.007,True,True
072803d05c,BaNaNbS4,2.2591,P2_1/c,monoclinic,Nb,5.0,2.9512,2.0488,2.0519,0.0006,True,True
08a7b7196c,Th(SeO4)2,3.7539,R3,trigonal,Se,6.0,3.9571,2.0429,2.0554,0.1156,True,True
01dcc66e27,NdDyCu2(TeO6)2,0.3374,P-3,trigonal,Te,6.0,3.9579,2.0421,2.0524,0.0041,True,True
030e20c853,DyTiCrO5,2.4186,Pbam,orthorhombic,Ti,4.0,6.0409,2.0409,2.0864,0.022,True,True
0433e5c732,K2Rb4ScGaAs4,0.4593,I222,orthorhombic,Ga,3.0,0.9604,2.0396,2.0397,0.0024,True,True
09516f4d21,PrSmCr2F14,1.6067,P2_1,monoclinic,Cr,4.0,6.039,2.039,2.0571,0.0063,True,True
0170157054,Ba2Sr(InP2)2,1.0754,C2/c,monoclinic,In,3.0,0.962,2.038,2.0584,0.0024,True,True
05ff26cf20,Sr6HfMo3O14,1.5355,C2,monoclinic,Hf,4.0,6.0335,2.0335,2.0341,0.0089,True,True
02030440d4,Cd3SbCl3,1.4164,Pnma,orthorhombic,Sb,-3.0,-0.9706,2.0294,2.0388,0.0016,True,True
05768230e9,SnSO4F,2.832,P-1,triclinic,S,6.0,3.9706,2.0294,2.0632,0.1197,True,True
04ac6e377d,Ba2NaCoO4,1.4852,P2_1/m,monoclinic,Co,3.0,0.971,2.029,2.0508,0.0019,True,True
04e50a4972,Y2HfPtF14,2.5241,P-1,triclinic,Hf,4.0,6.0282,2.0282,2.0361,0.0055,True,True
04eadbdd51,LaYHoRuO7,0.1702,P2_1/m,monoclinic,Ru,5.0,2.9738,2.0262,2.0283,0.0145,True,True
05bf8e73eb,Sr6LuSc(RhO6)2,2.2075,R32,trigonal,Rh,3.0,0.9745,2.0255,2.0412,0.0044,True,True
090713af94,Co5Hg(AsO4)4,1.5355,P-1,triclinic,Co,2.0,-0.0219,2.0219,2.023,0.1179,True,True
015387045e,ZrScAgS4,0.5354,Imma,orthorhombic,Ag,1.0,3.0208,2.0208,2.0403,0.0011,True,True
053ede4aa3,Ca6HoErSb6,0.5564,P1,triclinic,Er,3.0,0.98,2.02,2.0205,0.0028,True,True
06f686aa59,YP4N7,3.0369,P-1,triclinic,P,4.5,2.4835,2.0165,2.0652,0.1132,True,True
09611e34c7,Pr3NdV3PtF28,1.9545,P1,triclinic,Pr,3.0,5.0137,2.0137,2.0502,0.0065,True,True
066025c10c,Sm3HoV4F28,1.9906,P1,triclinic,V,4.0,6.0136,2.0136,2.0144,0.0061,True,True
075895d73a,LaTcF7,1.6614,P2_1/c,monoclinic,Tc,4.0,1.9888,2.0112,2.0269,0.0067,True,True
059ea2a5be,CaCdC4(NO)4,3.5607,R3,trigonal,C,4.0,1.9919,2.0081,2.0427,0.0221,True,True
08a92f8805,Lu3U2O10,0.1097,C2/m,monoclinic,Lu,3.0,5.0057,2.0057,2.0057,0.0047,True,True
090bc9e7f9,Cs3V4Cr3O16,2.1081,P-1,triclinic,O,-2.0,-4.0042,2.0042,2.0281,0.0159,True,True
0622062a5f,MgV2Co5(AsO8)2,2.4499,P1,triclinic,Co,2.0,-0.0037,2.0037,2.0223,0.1166,True,True
04bc0c9531,Pr3HoZr3PtF28,2.6989,P1,triclinic,Pt,4.0,1.9986,2.0014,2.0126,0.0047,True,True
0336086393,SmHoTaSb5O18,1.8283,P1,triclinic,Ta,5.0,7.0008,2.0008,2.0091,0.0064,True,True
035e12a788,KTbSc9(C2I9)2,0.3107,P1,triclinic,Sc,2.0,3.9997,1.9997,2.0245,0.0224,True,True
08635ba6a5,Tb3Bi(As4O9)2,3.276,P1,triclinic,Tb,3.0,4.9928,1.9928,2.001,0.0131,True,True
0465c905d4,Sr3PrMn2Al2O10,0.5141,P1,triclinic,Mn,3.0,1.008,1.992,2.0104,0.0049,True,True
007b902804,SmYTc2F14,1.6254,P-1,triclinic,Tc,4.0,2.0357,1.9643,2.0092,0.0061,True,True
055fd62418,CsK2Cu2AgAs2,1.1352,C2/m,monoclinic,As,-3.0,-1.0384,1.9616,2.0015,0.0013,True,True
088528268c,Ho3TmB16Mo3W,0.3212,Pm,monoclinic,Mo,3.33,1.371,1.959,2.1504,0.0485,True,True
05fce20b54,PbS2(O3F)2,4.1458,C2/c,monoclinic,S,6.0,4.1254,1.8746,2.0246,0.3407,True,True
