atomic_number_Z,symbol,dim_0,dim_1,dim_2,dim_3,dim_4,dim_5,dim_6,dim_7,dim_8,dim_9,dim_10,dim_11,dim_12,dim_13,dim_14,dim_15,dim_16,dim_17,dim_18,dim_19,dim_20,dim_21,dim_22,dim_23,dim_24,dim_25,dim_26,dim_27,dim_28,dim_29,dim_30,dim_31
0,X,-3.064029e-08,3.8607116e-08,-2.6477638e-08,-7.75491e-08,1.2671434e-07,1.312087e-07,-1.8058143e-08,7.6057084e-08,-4.0300208e-08,1.0836078e-07,1.47734145e-08,-7.969866e-08,2.7046898e-08,1.1009395e-07,-4.0265746e-08,8.523794e-08,2.9621662e-08,-6.304663e-10,-6.823681e-08,6.437834e-08,2.6769676e-08,-5.649997e-08,-4.8023388e-08,-6.165047e-09,-2.3937345e-08,5.5521433e-08,-4.7432586e-08,-4.476124e-08,-2.4844994e-08,-3.362939e-08,1.6206565e-08,-5.624495e-08
1,H,-7.1614835e-08,6.058779e-08,2.141683e-08,5.8546664e-08,-3.862245e-08,2.8078261e-08,-7.3734516e-09,-2.3128248e-08,-1.2549924e-07,4.1968676e-08,3.024898e-08,4.011293e-08,-8.3520554e-08,-4.561843e-08,-3.9775184e-08,-6.834539e-09,-3.064378e-08,6.4959856e-08,8.086708e-08,7.8019404e-08,-3.7607755e-08,3.2561598e-08,5.0327382e-09,2.4101219e-08,-2.947402e-08,-4.409844e-08,8.886598e-09,-3.8605624e-08,-7.8853716e-08,-6.576366e-08,1.0993047e-08,-2.0886558e-08
2,He,2.8829849e-08,6.93728e-09,-5.5249075e-08,-6.3525654e-08,2.3941245e-08,2.1523626e-08,9.281211e-08,-1.4551004e-07,-9.357131e-08,2.7409612e-08,1.5516409e-07,3.16502e-08,6.163867e-08,-3.581714e-08,-8.643305e-08,-2.0655502e-08,-3.5260665e-08,-4.3835026e-08,2.7345848e-08,-1.1543554e-08,6.763838e-08,7.1551582e-09,-1.2001311e-07,-1.6023538e-08,5.5771935e-08,9.3692535e-08,-2.6560508e-08,1.2624246e-08,-9.868608e-08,1.6660707e-08,-2.7649811e-09,-6.0755696e-08
3,Li,0.03897402,-0.37214905,5.7791644e-06,0.041934688,-0.025929095,6.2051826e-05,0.02145324,-0.05471791,-3.494612e-05,0.023213908,-0.1932821,2.376727e-07,0.00010141904,-5.3434756e-05,-0.035172213,-0.031974584,0.0001231305,0.16598009,0.030894525,0.027819822,0.046594966,1.139326e-05,-0.06429515,0.11599329,-0.0001556065,-0.34979248,-0.031066671,0.07423026,-0.022267627,-3.172776e-05,0.016890291,0.029727764
4,Be,-8.455349e-09,2.0420522e-08,9.749999e-09,9.9311585e-08,4.3922107e-08,-2.8613066e-08,3.717219e-08,2.3367319e-08,-8.0005584e-08,7.22546e-08,6.519686e-08,-4.851034e-09,2.4891479e-08,1.04337424e-07,7.713749e-08,-5.408427e-09,-9.679246e-09,-6.5733246e-08,-5.3098667e-08,2.0384311e-08,-6.444065e-08,-6.695861e-08,2.5167779e-08,-1.0105424e-07,-9.301352e-09,-4.817172e-08,-7.775303e-08,3.32582e-08,-2.822628e-09,7.244776e-08,1.4085213e-08,2.3313596e-08
5,B,2.4740077e-08,3.688808e-08,-1.9576259e-08,-3.520196e-08,-3.2118802e-08,-9.6054336e-08,8.75494e-08,-1.5412834e-07,2.352453e-09,-3.9759424e-08,-7.253627e-08,-2.6278386e-08,-1.2829328e-07,4.5029003e-09,4.1298073e-08,-1.2547806e-08,1.6123803e-07,-3.751919e-08,-1.46752654e-08,8.1122224e-08,2.4125137e-08,1.4447862e-08,8.004241e-09,1.5051509e-07,-1.14851375e-07,-3.9419696e-08,-2.6858444e-08,-4.5669346e-08,-1.7051397e-08,-8.692351e-08,-7.789634e-08,-2.7978633e-08
6,C,3.0138793e-08,9.180201e-08,-3.713186e-08,-9.5835134e-08,1.8537243e-09,-1.44514e-07,-6.727477e-08,3.2306712e-08,7.301609e-08,5.2088225e-08,-6.5618494e-08,-6.1278996e-08,1.3677289e-08,6.1124204e-08,2.1620892e-08,2.3507985e-08,-8.287194e-08,-4.123197e-08,5.1562118e-08,-3.2381102e-08,-1.0762104e-08,-8.2464304e-08,-3.9809866e-08,2.6551072e-08,-1.293079e-07,5.7578312e-08,-5.9405497e-08,-5.87969e-08,4.9434153e-08,1.0844347e-07,-1.0962663e-08,3.4862644e-08
7,N,-2.0677634e-08,-4.3722142e-08,-5.0347417e-08,-5.2626678e-08,-1.2827239e-08,1.2332098e-08,-1.5031574e-08,-4.735222e-10,-3.4814192e-08,3.857111e-08,-4.598958e-08,-5.6527107e-08,5.794289e-08,2.8652767e-08,4.6037602e-08,-1.9122924e-08,6.269239e-08,-6.047051e-08,-8.004417e-08,-5.6514182e-08,-2.6792422e-09,-4.7864358e-08,-5.6101612e-08,2.0978035e-09,-1.8150054e-08,-3.6787973e-09,3.5750624e-08,9.039535e-08,2.3835543e-08,2.6795032e-08,8.6339895e-08,8.46973e-08
8,O,-0.16362418,0.26572642,-0.00013308294,-0.15998267,0.15400314,1.9982823e-05,-0.15496393,0.15996653,0.00017066266,-0.15361969,0.17742969,-0.00018852284,6.0787017e-05,9.5550255e-05,0.1607554,0.15844822,6.8302897e-06,-0.1756611,-0.15503734,-0.15429716,-0.15949143,-0.0001860818,0.16003233,-0.13917466,-6.6733282e-06,0.27016172,0.15465315,-0.1636287,0.15525538,7.146841e-06,-0.15661778,-0.14688113
9,F,-3.9569135e-09,2.0173854e-08,2.617747e-08,3.3567544e-09,-3.3923257e-08,-5.3156537e-08,5.9214564e-08,-5.8281472e-08,-2.9228875e-08,-5.6192114e-08,7.658709e-08,5.2756665e-08,-1.3511697e-08,-5.454512e-08,8.135502e-09,-2.7529607e-09,-1.0359486e-07,-4.4005745e-08,1.6490006e-08,5.978357e-08,2.6361317e-08,-3.759124e-08,1.5493892e-08,2.6562702e-08,4.6120512e-08,2.6939237e-08,-1.1011117e-08,-7.3747245e-08,4.6765823e-08,-6.8785525e-08,2.3273167e-08,9.1584225e-09
10,Ne,-4.7977844e-09,-4.3344254e-08,3.0434526e-09,8.071389e-08,-8.192241e-08,1.4678692e-08,2.5638231e-08,-1.456999e-07,-5.715797e-08,-3.688125e-08,3.459145e-08,3.1671036e-08,-6.129507e-08,-1.1451999e-08,-1.06881416e-07,1.1713086e-08,-1.1694472e-07,-2.3438027e-08,-3.395817e-08,3.0621363e-09,8.0731326e-08,6.18085e-08,2.368728e-08,7.162422e-08,1.9902414e-08,-1.703645e-08,4.8701345e-08,3.407306e-08,-3.5272368e-08,-8.247353e-09,-4.6167315e-08,-6.83501e-08
11,Na,8.084071e-08,4.118833e-08,-5.037169e-09,1.2514647e-08,-8.26078e-09,-5.239037e-08,1.9247157e-08,7.245954e-09,-1.213976e-07,8.680159e-08,-6.158423e-08,6.681544e-08,6.1931054e-08,4.452047e-10,-8.6928765e-08,-8.8797725e-09,-3.303807e-08,-1.0675463e-09,4.5276756e-09,-5.3948085e-08,9.309435e-08,-8.994242e-08,-1.4172409e-08,1.3366547e-07,-1.11060245e-07,7.51268e-10,-3.496022e-08,-3.6679537e-10,1.2266263e-07,-2.2953612e-09,3.512891e-08,2.9286891e-08
12,Mg,7.638935e-09,-5.9098543e-08,-3.2178257e-08,-3.912334e-08,-4.169593e-08,7.986106e-08,9.983891e-08,-7.462026e-08,1.3444151e-08,-6.066615e-08,-6.037859e-08,1.1040071e-08,-8.572824e-08,-8.77889e-09,4.7608626e-08,2.1380222e-08,-2.4961945e-08,-1.0416489e-07,-9.066103e-08,-7.218974e-08,1.2611375e-07,7.3813716e-08,-9.024644e-08,-6.248055e-08,2.6471836e-08,5.1957397e-08,-3.1876432e-08,-9.288884e-09,1.1403974e-08,5.3158107e-08,4.0762553e-09,-6.9767815e-08
13,Al,6.0234036e-08,-7.0825635e-08,-1.0854222e-08,4.539029e-08,-2.634513e-08,5.8893164e-08,-3.4710684e-08,-2.4686521e-08,2.2950998e-08,1.4464607e-08,3.6436386e-08,6.463075e-09,8.1999e-08,1.05056856e-07,8.3485086e-09,9.215756e-08,7.9308755e-08,1.326001e-08,-2.3488749e-08,3.6673754e-08,-7.993557e-08,-9.456801e-08,7.4199598e-09,4.8335334e-08,-7.574403e-08,-1.2404537e-08,3.2618175e-08,2.7382928e-08,2.4104871e-08,4.338818e-08,7.913824e-09,-8.248696e-08
14,Si,8.609264e-09,-2.4107655e-08,1.6924906e-08,5.867731e-08,-5.3691366e-08,4.333991e-08,-2.500685e-09,-3.9919946e-08,1.6937362e-08,4.746614e-08,7.44583e-08,-9.977722e-08,-3.0709941e-09,4.371981e-08,-1.0593714e-07,5.499256e-08,2.3639954e-09,-1.836796e-08,5.8065872e-08,-8.940119e-08,9.017405e-08,-2.3233454e-08,5.30751e-08,5.976717e-08,-1.8513465e-08,-6.02877e-08,-7.112912e-08,-7.427227e-08,5.7187165e-08,3.078329e-08,1.2447807e-08,2.567575e-08
15,P,0.2497745,-0.5552966,6.496355e-05,0.23734906,-0.24466108,3.5430665e-05,0.23373243,-0.21746469,-6.0625625e-05,0.21456783,0.2924981,5.004515e-05,-8.68481e-06,-3.899998e-05,-0.22092952,-0.24969958,6.6553457e-06,-0.22379409,0.2419323,0.24276972,0.23270287,3.8863764e-05,-0.18019512,-0.15446194,-2.8119543e-05,-0.56061983,-0.2362745,0.17633307,-0.07187019,-6.0739687e-05,0.26764444,0.1811898
16,S,4.2293014e-09,3.9041165e-08,-1.4818025e-08,1.4085956e-07,-1.2395994e-07,4.5692794e-08,-2.560817e-09,-6.4732525e-08,-7.630262e-08,-4.8100475e-09,2.38495e-08,7.7380115e-08,-6.11052e-08,3.2052363e-09,-3.7208325e-09,-8.277152e-08,-2.0644816e-10,3.3296608e-08,1.4667782e-08,6.147382e-08,4.8863553e-09,2.9347852e-08,-3.2284877e-08,2.541536e-09,9.078736e-09,-1.747323e-08,-4.79359e-08,-2.2374804e-08,1.6072287e-08,7.8237754e-08,3.5466307e-08,2.481226e-08
17,Cl,8.400745e-09,2.8629363e-10,5.9658845e-08,9.106365e-08,-7.467346e-08,7.861349e-08,3.2747657e-08,9.9494656e-08,-7.584317e-08,-3.293613e-08,-5.3648208e-08,-6.352978e-08,3.4226746e-09,-2.5299013e-08,9.64301e-08,-8.173987e-08,-1.6561701e-08,-6.853405e-08,3.9810253e-08,3.6350322e-08,-3.1484195e-08,1.4373134e-08,9.379944e-08,-1.842448e-08,-1.18721545e-07,-4.37717e-08,3.153326e-08,3.3639264e-08,1.9838183e-08,7.7649815e-08,5.106145e-09,-4.2921183e-08
18,Ar,-1.543716e-08,-3.959624e-09,7.568448e-08,4.4124608e-08,-5.4542864e-09,1.6643694e-08,-1.6886037e-08,6.0247447e-09,7.8625135e-08,-4.752356e-08,1.274978e-07,3.8169564e-08,1.0317519e-08,6.884531e-08,4.3810587e-08,6.4787756e-08,-2.793287e-08,2.6965132e-09,3.887596e-08,1.3688517e-08,-2.5987879e-08,-1.8227329e-08,-7.9675615e-08,-1.4584486e-08,5.962461e-08,-5.4124406e-08,-1.1848006e-07,-7.649187e-08,-2.9553828e-08,-4.9909916e-09,-9.109361e-09,7.47937e-08
19,K,-1.2263686e-07,-8.9963365e-08,-6.725014e-08,-2.679798e-08,-4.3635236e-08,7.1946697e-09,-5.052787e-08,-2.7772664e-08,-2.264203e-08,-3.872777e-08,3.4532652e-09,-4.2832475e-08,1.0701077e-08,-2.0534415e-08,1.2247213e-08,-1.3713965e-08,-1.1904758e-08,2.9164873e-08,-9.6561145e-08,1.894122e-08,-3.2055166e-08,-3.125762e-08,2.4050841e-08,-9.0982454e-08,-4.4701594e-08,-4.0439627e-08,-7.9594216e-08,-7.6624865e-08,4.9642555e-08,8.250325e-08,-8.680741e-09,-6.760728e-09
20,Ca,0.5299042,-0.11736136,-2.8287903e-05,0.03509068,0.22155882,0.00021415179,0.0052094758,0.0053884014,-0.00024570417,0.2786627,-0.051989794,0.00020548016,-0.00029044304,-0.00029815905,-0.83078486,-0.061672706,-8.3466904e-05,0.37674558,-0.12017555,-0.029988864,-0.10079547,0.0002089776,0.18443641,0.07985595,0.00022974207,-0.22086513,-0.38197032,-0.092154495,-0.7155596,-0.00013716548,0.5641887,0.15967494
21,Sc,6.593919e-08,7.143868e-08,7.927155e-09,-9.156061e-09,4.4420087e-08,-2.9937116e-08,-1.5913034e-08,-9.2719624e-08,3.011009e-08,1.3454347e-08,6.631829e-08,-9.267837e-08,-9.0280725e-09,-4.6419355e-08,7.249241e-08,-6.781076e-08,-9.333593e-08,-5.0201677e-08,9.911293e-08,-9.333688e-08,5.698987e-08,4.289377e-09,-9.267753e-10,-3.1917967e-08,-5.596707e-08,-1.8003298e-08,9.618071e-09,1.5771316e-07,1.4879074e-08,-2.8473362e-08,2.1704365e-08,-7.9104424e-08
22,Ti,0.33480862,0.26317683,2.0282537e-06,0.3212946,-0.40276995,0.000117287294,0.50765395,-0.37451348,-5.235931e-05,0.37371695,-0.7706349,-6.315291e-05,0.000121247096,7.2398325e-05,-0.31135505,-0.23404683,0.000112414935,0.73598343,0.36058176,0.37293723,0.29253095,-7.596826e-05,-0.5366762,-0.89151466,-0.0001946983,0.3292718,-0.27838862,0.50069875,-0.68989986,-0.00013527331,0.1851586,0.57706976
23,V,2.4208237e-08,5.4636935e-08,3.6659436e-08,-8.571698e-08,-6.4590455e-10,3.780192e-08,7.34192e-08,-2.365605e-08,-2.985511e-08,6.220054e-08,2.4940512e-08,-1.2669309e-08,2.5126045e-08,-2.6635725e-08,-6.010323e-08,-1.5622817e-08,1.2607243e-08,-1.4681669e-08,-5.6555272e-08,7.158547e-08,4.3167436e-08,1.5844373e-07,-5.9052404e-08,-6.398649e-08,1.09409484e-07,2.7259311e-08,1.1361166e-07,1.3095982e-08,1.3000297e-08,-9.5724616e-08,-2.4835611e-08,-4.252194e-08
24,Cr,3.513302e-08,-6.470953e-08,1.9712227e-08,-5.765331e-08,-6.5661223e-09,-2.5157446e-08,4.851836e-08,-3.8244043e-08,-5.9342455e-08,8.572377e-08,3.7157182e-08,-2.8953824e-08,3.6453372e-08,-3.6300456e-08,5.6829926e-08,9.953826e-08,4.73183e-08,1.33335e-07,2.8506907e-08,1.2040315e-08,7.863243e-09,-1.9802435e-09,-2.9447111e-08,-7.724144e-08,3.6351864e-08,8.9839254e-08,-3.0434926e-08,-7.160637e-08,1.7030505e-08,1.8514415e-08,6.843888e-08,3.3362873e-08
25,Mn,-6.561886e-08,7.279236e-08,5.2552643e-08,4.273441e-08,1.1703696e-08,-4.3395445e-08,4.534207e-08,1.3087638e-08,-3.4605744e-08,3.5706528e-08,9.248415e-09,8.572911e-08,-6.269633e-08,-6.6339685e-09,-3.8759396e-08,8.857877e-08,-5.26525e-08,-1.6286169e-08,8.882747e-09,-1.3739326e-07,8.084804e-09,-1.9955984e-08,-2.4679577e-08,6.8721455e-09,4.4769095e-08,-1.9274292e-08,2.6299448e-08,3.722014e-08,3.5268208e-08,7.479734e-09,4.105377e-08,3.635699e-08
26,Fe,-1.1541992e-07,4.2473957e-08,-6.747293e-08,3.508295e-09,-3.6569006e-08,8.023663e-08,-1.04472115e-07,4.000701e-08,3.4676034e-08,-2.3549319e-08,-5.6280797e-08,-9.8080776e-08,-4.7853174e-08,3.7093884e-09,-2.7594009e-08,1.7879406e-08,2.4251374e-08,-1.273488e-08,-2.4724146e-08,-6.499904e-10,5.1055853e-08,6.811661e-08,-5.8983957e-08,-9.989857e-08,-4.8706948e-08,-1.0474737e-07,1.659001e-08,4.32101e-08,6.860199e-08,1.266522e-07,-1.754955e-08,7.683718e-08
27,Co,2.9256885e-08,-6.8887047e-09,6.368472e-08,7.0741095e-08,-5.986908e-08,9.1068586e-08,-8.288354e-08,-2.0004874e-08,-9.528996e-08,2.6185576e-08,1.316542e-08,9.730604e-10,-1.411224e-08,-1.4565532e-08,4.78611e-08,-6.9726916e-08,4.8622212e-08,8.600225e-09,-4.572383e-08,4.147399e-08,7.960788e-08,1.2489437e-07,5.52996e-08,4.15777e-08,-4.794422e-08,-6.777854e-08,3.566469e-08,1.5787032e-08,-6.6637625e-08,-8.182786e-09,-9.88163e-08,1.9711232e-08
28,Ni,1.5340756e-08,3.5829558e-08,-4.144536e-09,4.3085933e-08,-6.868234e-08,3.6688408e-09,1.0589293e-08,-9.872095e-09,-9.988689e-08,7.33713e-08,5.5527032e-08,-1.1993394e-08,8.861979e-09,3.3761903e-08,6.59769e-08,-1.2873193e-07,-6.7056426e-08,-2.2846645e-08,-1.2193332e-08,8.148411e-08,1.4425812e-09,1.4011566e-07,-3.7481405e-09,-2.0784704e-08,-1.11823795e-07,1.3051728e-07,-1.3361621e-07,-1.669646e-08,4.333706e-08,-5.0105168e-08,1.6739934e-09,3.8122867e-08
29,Cu,1.209952e-08,5.3761838e-08,-7.3608476e-08,-1.4380251e-10,-4.318821e-08,2.3049767e-08,-1.1376471e-07,2.8112083e-08,-9.692589e-09,-7.9329816e-08,-6.985697e-08,-1.7662007e-08,2.1573102e-08,-5.732683e-08,3.6919275e-08,3.173889e-08,2.527788e-08,1.2942652e-07,9.521255e-09,7.1610904e-09,-4.115042e-08,-3.742548e-08,-7.980593e-08,-7.650721e-08,-6.5126365e-08,7.749311e-08,3.1674602e-08,-6.9730866e-08,-3.3271927e-08,-2.7608117e-08,2.8172721e-08,2.5577554e-08
30,Zn,-6.6476446e-08,-6.305555e-08,-4.6505015e-08,1.2168876e-08,-2.6149547e-08,5.9484783e-08,6.4666025e-08,4.0350816e-08,-4.2015607e-08,-4.0674195e-08,-6.679863e-08,2.774419e-08,-3.0046753e-08,2.8559931e-08,1.3180714e-08,-8.5116014e-08,-4.5807813e-08,6.199878e-08,-1.032221e-08,9.220836e-08,7.7855056e-08,2.177394e-08,-5.1871673e-08,3.9217035e-08,7.539511e-09,1.2449654e-09,-1.3105804e-07,-3.5875964e-08,-4.790886e-08,-7.5391156e-08,-9.633252e-08,2.1074635e-08
31,Ga,7.078874e-08,6.986972e-08,-1.1109493e-08,2.2150926e-08,9.913416e-08,9.263816e-08,-2.8844038e-08,4.7114007e-08,1.0056318e-07,-6.6826615e-08,-7.192605e-08,-3.5728988e-08,-2.8912641e-08,-2.0883412e-08,-2.434021e-08,1.842677e-08,6.698642e-08,-4.1535433e-08,-2.9231188e-08,-4.3346247e-08,5.5042793e-09,-1.1122518e-07,-4.7543967e-08,8.586218e-08,-1.7780994e-08,9.186734e-08,2.6319793e-08,-3.9205055e-08,-1.2433062e-08,9.9226035e-08,6.978275e-08,-6.384857e-08
32,Ge,3.0980537e-08,8.628113e-08,1.06360815e-07,3.0186573e-08,-3.2282493e-08,1.7474063e-08,9.594384e-08,-5.0220326e-08,5.0729405e-08,6.617619e-08,6.8855975e-08,-7.826769e-09,7.004284e-08,-3.6039257e-08,1.9141009e-08,-1.0570756e-07,-2.013171e-08,7.7471675e-08,-6.571515e-08,-7.186592e-08,1.2173745e-08,-4.9204146e-10,4.7719098e-08,2.452311e-08,-2.0569892e-08,4.2743666e-09,8.0686235e-08,-8.588682e-09,-5.695952e-08,3.7643755e-08,-7.3478112e-09,-1.6351287e-07
33,As,-1.5880522e-07,-9.214498e-08,4.438123e-09,3.349592e-08,-6.731108e-08,-2.3204148e-08,-5.6620486e-08,-4.5518004e-08,3.5703231e-09,-3.1496494e-08,1.1693126e-08,9.590841e-08,-7.300178e-08,-5.6913856e-09,-1.1863786e-07,-7.173558e-08,7.817439e-08,-5.7246967e-09,-2.3726352e-08,1.1689889e-07,-4.900881e-08,8.9771724e-08,-1.857432e-08,4.335594e-08,-5.911007e-08,-7.412513e-08,-8.413229e-08,4.506229e-08,4.925303e-08,-2.988542e-08,-6.3407875e-08,6.431343e-08
34,Se,-2.7780544e-08,-2.6513023e-08,3.0846415e-08,5.9156225e-08,2.791069e-08,-3.8746695e-08,2.6266582e-08,-6.996458e-10,-6.6109025e-09,1.9437856e-09,5.012345e-09,-1.4749022e-08,-5.4004047e-08,8.158207e-08,3.9637936e-08,6.5499526e-09,1.3065777e-08,-3.592229e-08,-7.1480784e-08,5.871997e-08,-3.1386772e-08,-1.9272497e-09,-4.6137963e-08,-1.0788911e-08,7.689807e-08,-1.9223132e-08,-7.758824e-08,-2.103449e-08,4.189528e-08,-3.9553296e-08,-1.4925305e-08,-4.1482565e-08
35,Br,-5.056829e-08,5.048944e-08,6.728126e-08,1.2685872e-08,2.5357414e-08,6.379855e-08,1.501547e-08,3.2097102e-08,-1.6694761e-08,8.7310575e-08,-1.11785354e-07,8.2468574e-08,-2.9767927e-08,6.9343315e-08,-3.1090164e-09,-2.1844059e-08,-1.0242278e-08,3.221836e-08,3.2670453e-08,4.9548383e-08,-1.0073594e-07,1.36115865e-08,8.748464e-09,-3.9285062e-08,-6.723759e-08,3.4888963e-08,7.3660873e-09,1.5681323e-07,-1.6565986e-08,3.4670474e-08,2.2466704e-08,4.6643677e-08
36,Kr,3.1013816e-08,-1.0701457e-07,8.1757776e-08,-9.61328e-08,4.991475e-08,2.172701e-08,3.381771e-08,-9.791144e-09,-9.15113e-09,2.1460771e-08,-1.0428093e-07,-2.6515105e-08,-3.6056484e-08,4.618694e-08,7.631394e-08,-7.9710965e-08,3.539556e-08,5.7517042e-08,1.7312342e-07,4.5526743e-08,1.1493271e-08,-1.9405103e-08,-7.166876e-10,7.49964e-09,-6.161142e-08,-1.7180305e-08,2.7685829e-08,-7.91008e-09,3.1952343e-08,3.0039498e-08,8.833622e-09,-8.72577e-08
37,Rb,-9.049691e-08,1.780625e-08,9.884443e-08,-2.9626197e-09,-7.2461525e-08,4.0073125e-08,-2.9504475e-08,-1.05676264e-07,6.990989e-08,-1.6830509e-08,-4.9530403e-08,3.3402e-08,-7.1918656e-08,-4.0929205e-08,6.615557e-08,6.58399e-08,-1.7664117e-08,-4.214571e-08,1.3833777e-08,-3.5308414e-08,-4.9681272e-08,8.765454e-08,8.039797e-08,-6.78079e-08,1.6731768e-08,-8.718263e-10,4.810827e-09,8.687461e-09,3.9173664e-09,8.6923976e-08,4.934772e-08,4.9261903e-08
38,Sr,0.2325541,-0.028915143,0.0003011535,0.15500304,0.18683407,-0.00025891085,-0.294689,-0.041992605,-3.9833994e-05,0.38156086,-0.04838456,3.8629507e-05,-0.0002466048,-0.00015298152,-0.6201114,-0.21473594,-0.0004417268,0.1369577,0.0061599114,-0.08320667,0.079924904,0.00011442708,0.16626999,0.1850883,0.0003550305,-0.2815088,-0.26845035,-0.0544275,-0.99052435,8.305837e-05,0.29020137,0.5355936
39,Y,6.030532e-08,1.0699382e-08,-3.735627e-08,8.541811e-09,-2.0950624e-08,7.965562e-08,4.2321076e-08,-3.92088e-08,-2.2503939e-09,-4.2108976e-08,1.5339326e-08,-7.620035e-09,-5.9397173e-08,3.230592e-08,4.974534e-08,3.961981e-08,3.4688668e-08,8.1658214e-08,7.4765275e-08,-9.857553e-08,5.997619e-08,1.1521697e-08,-8.963197e-08,-1.482488e-08,-6.793162e-08,1.4201623e-07,-2.5389596e-08,-8.29868e-08,1.0548961e-07,6.381642e-08,-2.646969e-08,-7.2333265e-08
40,Zr,0.32106972,0.35669968,-4.4740947e-05,0.34383827,-0.32865623,-4.811772e-05,0.322795,-0.34241006,0.00010259522,0.34940997,-0.34339562,-0.0001009931,-3.9881328e-05,4.716081e-05,-0.34135038,-0.34531265,-6.621905e-05,0.32917696,0.33500144,0.32974043,0.345318,-7.949573e-05,-0.3300265,0.41541556,7.1875664e-05,0.3496782,-0.34213206,0.3363491,-0.1171813,5.1641513e-05,0.33022588,0.3276098
41,Nb,6.524485e-08,1.095035e-08,-4.968393e-08,7.846457e-08,-1.5682597e-08,-1.0147568e-07,2.3126319e-08,-8.541795e-09,5.850796e-08,4.7327887e-08,5.194552e-08,1.531778e-08,-4.148942e-08,-7.942518e-08,2.6465525e-08,-4.9065605e-08,6.182439e-08,1.8972445e-08,8.069615e-09,6.69655e-09,1.0444081e-07,2.1626741e-08,1.4520473e-08,-3.1208714e-08,-3.868605e-08,-4.5966084e-09,-5.4362935e-08,-7.311558e-08,-2.8353234e-08,-6.096534e-08,1.6444398e-08,1.434755e-07
42,Mo,-2.2633383e-08,4.955181e-08,-8.3589356e-08,-2.1787251e-08,-2.2500004e-08,-6.8791195e-08,-6.264234e-08,4.4826734e-08,6.7099975e-08,2.7008415e-08,7.802265e-08,-1.4844454e-08,1.3294299e-08,-3.6269853e-08,1.5456643e-09,-6.3507905e-08,-3.547798e-08,-8.555044e-08,2.8554076e-08,3.4394194e-09,-1.3234106e-07,-7.660689e-08,-5.028872e-08,9.101978e-08,4.0194575e-08,1.7016749e-08,8.439138e-08,-2.1133411e-08,6.1597795e-08,-8.8340705e-08,-7.356185e-08,3.5436706e-08
43,Tc,-1.16004734e-10,-1.5914626e-08,-4.7629914e-08,-4.283393e-08,7.588331e-08,-6.848749e-09,-3.87185e-08,4.4129987e-08,-3.8284508e-08,2.7069205e-09,1.489013e-08,4.5314724e-08,4.4056044e-08,7.333523e-08,-3.5398433e-08,6.8277444e-08,-6.458637e-08,-2.6497393e-08,9.714891e-08,3.547413e-08,-1.004554e-07,-8.5807784e-08,-6.99393e-08,1.0114146e-07,5.821247e-08,-1.5091315e-08,1.3197798e-09,2.1802002e-08,5.612703e-08,-3.1301564e-08,-4.704837e-08,-2.9312321e-08
44,Ru,-4.8303107e-08,1.8437891e-08,4.2919844e-08,4.0285354e-08,-2.5485566e-08,8.532551e-09,-2.4904725e-09,-8.890241e-08,-3.766838e-08,4.9181153e-08,3.9307274e-08,1.14162475e-08,3.420054e-09,-1.47998716e-08,-8.169879e-08,4.0523087e-08,-6.581967e-08,-6.752047e-08,-3.2772807e-08,2.93916e-08,-2.5355725e-08,4.7309936e-08,-2.8896525e-09,4.5592753e-08,-1.0984884e-08,-1.05492816e-07,-1.3140194e-08,1.3284699e-08,-6.877652e-08,3.9803602e-08,-3.91098e-08,7.8075516e-08
45,Rh,3.086656e-09,9.222855e-08,-2.0250216e-08,5.0538876e-08,1.590039e-08,-7.891859e-08,9.443576e-09,4.2556774e-08,-2.6015035e-08,-3.074758e-08,1.6809976e-08,1.3019721e-08,-7.089001e-08,-4.552772e-08,-1.5776473e-08,-1.5662629e-08,-5.9576514e-08,2.7357398e-08,-1.9152149e-09,-5.8989762e-08,2.8943049e-08,3.43409e-08,5.7195564e-08,6.5579937e-09,-2.9830243e-08,-8.8397755e-08,-2.7107241e-08,-3.4379215e-09,-2.78853e-08,7.4226726e-08,-8.023464e-08,-1.5196255e-08
46,Pd,5.2106155e-09,-2.321918e-09,-8.593409e-09,-1.5271645e-08,-8.6860275e-08,1.9725434e-08,-8.341663e-08,7.774082e-09,5.896141e-08,-8.26589e-08,1.0504735e-08,-1.9741947e-08,-2.3290266e-08,7.327537e-08,-1.0724886e-08,1.2547758e-08,5.9021428e-08,8.250648e-08,3.4802735e-08,-3.344859e-08,-3.8887507e-08,-4.740037e-08,-5.9752594e-08,-4.663417e-09,7.513661e-09,6.564387e-08,2.801993e-09,7.7845264e-08,-8.695773e-09,-7.7800685e-08,-5.5624348e-08,-5.334627e-08
47,Ag,-6.917293e-08,-6.3168346e-09,-6.901578e-08,3.738072e-08,2.4535968e-08,-5.3020603e-08,-6.622019e-08,1.4864331e-08,-3.3368233e-09,8.432606e-08,-2.7374895e-08,7.1354895e-09,-3.5617802e-08,6.1392726e-08,-6.5615154e-08,8.7712046e-08,3.4731013e-08,-7.370708e-08,-5.6667652e-08,6.909261e-08,-1.240267e-08,-5.1558846e-08,-4.9812105e-08,1.3797815e-07,7.2706734e-09,-4.8530325e-08,-1.698778e-08,3.351961e-09,-4.28379e-08,1.0188475e-07,-5.5894603e-08,9.227885e-09
48,Cd,-7.313483e-08,-1.2477695e-07,-6.340938e-08,7.191635e-08,8.33087e-08,-1.3518677e-07,6.2742686e-08,-9.380783e-08,-1.5733393e-08,9.4255924e-08,1.25206725e-08,2.114925e-08,-2.4541292e-08,-6.3884684e-08,9.866062e-09,-2.3872417e-08,-1.1814791e-07,3.8348624e-08,3.082055e-08,8.617006e-08,4.5868664e-08,1.7763387e-08,1.1920871e-07,-3.8549476e-08,5.484892e-09,-1.1288495e-07,-5.167051e-08,-1.1872894e-08,7.663644e-08,2.8430293e-08,-6.9260786e-08,-3.6226673e-08
49,In,7.107755e-08,1.6029801e-08,9.716494e-09,7.6528984e-08,-6.642804e-11,-2.201891e-08,-3.583856e-08,2.2063958e-08,-6.229709e-08,5.5089416e-08,-5.47765e-08,-6.484373e-08,-2.1492355e-08,1.3568553e-07,7.5599594e-08,1.1334238e-07,3.2448067e-08,6.36879e-08,1.5857296e-08,-2.2876337e-08,-3.803969e-08,8.044896e-08,-7.490712e-09,2.7007685e-09,-3.5468553e-08,-6.3023194e-08,-1.7512933e-08,-4.8981823e-09,-4.2387928e-08,1.7570425e-08,3.542597e-08,-7.164769e-08
50,Sn,8.797528e-08,-5.0359453e-08,-5.6298197e-09,-1.2985387e-07,1.570533e-07,-1.7728116e-08,1.2102357e-08,-1.1628125e-07,3.7666343e-08,9.023158e-09,3.7614743e-08,-4.3010736e-08,-1.8108945e-08,-1.594647e-08,-4.2232617e-09,-5.689889e-08,-1.3296574e-08,2.795512e-09,3.4830954e-08,5.2514935e-08,-1.0013257e-08,-1.1576238e-08,6.823483e-08,2.1890497e-08,-5.904817e-08,-2.5910458e-09,5.154322e-08,6.952613e-08,-1.1304539e-07,-1.6116966e-08,2.9674834e-09,2.8774117e-08
51,Sb,-2.804125e-08,1.2087234e-07,5.9385233e-08,-1.0844201e-07,1.0174504e-07,3.8129823e-08,4.2171543e-08,5.2782774e-08,6.491889e-08,-1.6671897e-09,2.3346702e-08,2.6102654e-08,-1.5401215e-08,-1.15146364e-07,2.0062487e-08,-8.2012495e-09,3.6699788e-08,-5.5571007e-08,2.8667476e-08,6.357428e-08,5.4582635e-08,3.571103e-08,7.813656e-08,5.6974727e-08,2.3535838e-08,9.751888e-08,-2.1866159e-08,-3.466372e-08,-1.5653929e-07,2.1872461e-08,2.220244e-08,-1.0261681e-10
52,Te,6.4569754e-08,3.6596695e-08,-1.45811e-08,2.2447654e-08,-1.9155197e-08,-4.866794e-09,1.5911036e-09,2.5559817e-08,-5.961528e-08,-2.4046356e-08,2.4243244e-08,-3.6119445e-09,-8.893199e-08,3.8185284e-08,6.084647e-08,-9.892887e-09,-9.344953e-08,-3.4482827e-08,3.147057e-09,3.1807183e-08,5.2519763e-08,1.0224595e-07,1.2903584e-07,4.7908333e-08,9.34116e-08,3.203081e-08,4.2295255e-08,-1.6154148e-08,-9.38259e-08,2.467687e-08,-2.6129086e-08,-7.125162e-08
53,I,2.0877701e-08,2.5391971e-08,3.599099e-08,4.3207663e-08,-3.4126508e-08,-4.8149335e-08,-4.7448676e-09,-2.868202e-08,8.2421934e-08,4.297459e-08,-4.0618378e-08,2.858122e-08,5.2346874e-09,-1.5918138e-08,-6.325849e-08,-7.447159e-08,9.309893e-08,-1.263178e-08,-9.937131e-08,4.9942575e-08,4.6218567e-08,6.390422e-08,1.605322e-07,-1.3095283e-08,-1.7514077e-09,-8.2012896e-10,-1.9052695e-08,9.748295e-08,-9.157657e-09,-9.304286e-08,-4.8684882e-08,6.5620064e-08
54,Xe,-8.816343e-09,-4.4360817e-08,-4.5476035e-08,-1.9003872e-08,-1.321731e-07,-2.419819e-08,9.212371e-09,1.6973203e-08,1.0584815e-07,-1.8322332e-08,1.4551925e-08,-3.512678e-08,1.2899064e-07,-5.144685e-08,8.5612065e-08,3.3744623e-08,6.178925e-08,3.3811805e-08,-2.86493e-08,-2.8303118e-10,-2.1436088e-08,4.0742055e-08,2.4553543e-08,1.7555542e-10,2.4436748e-08,-2.4702102e-08,2.9303791e-08,8.356897e-08,-3.4593125e-08,-5.1140983e-08,2.158711e-08,-3.4155196e-08
55,Cs,-1.1326041e-07,7.74161e-09,1.0304802e-07,-2.6703702e-08,-5.523581e-08,1.0506079e-07,1.8671447e-09,1.09098906e-07,-1.5388521e-07,-5.7829638e-08,-3.4617674e-08,3.696032e-08,-1.771468e-08,-5.429216e-08,1.356067e-07,6.473017e-08,7.1603125e-08,1.6578628e-09,-1.8457555e-08,-4.2829484e-08,-5.9292244e-08,-4.0886054e-08,5.4967195e-08,2.0551202e-08,-3.7692365e-09,-7.250467e-08,-3.6463767e-08,1.4776328e-09,1.521036e-08,6.174363e-08,3.3691745e-08,2.1951736e-08
56,Ba,-0.18386269,0.0673841,-0.0005073282,0.11064972,-0.11311317,0.00015658626,-0.008157677,-0.14468206,0.00057711557,0.7105828,-0.08848428,-0.00067347736,0.0009271413,0.000785318,-0.15357345,-0.08654146,0.0008530441,0.0033605096,0.08371452,0.096405625,0.07634712,-0.0007859004,-0.08579946,0.45281965,-0.0008911395,-0.21705686,-0.25053132,0.08430949,-1.4955853,-9.8066885e-05,0.01569796,-0.23561811
57,La,6.0637056e-08,-6.680742e-08,3.3000163e-09,1.6062781e-08,-8.8056765e-08,-2.640066e-08,-9.194298e-09,-4.637174e-08,8.17491e-09,6.0113794e-09,-5.933494e-08,-3.499509e-08,4.2297657e-08,-9.889046e-08,4.326359e-08,3.2101426e-08,-2.460212e-08,7.111793e-08,-9.987959e-08,9.381175e-09,1.9092555e-08,4.698518e-08,8.198546e-08,-5.2540434e-09,-1.0513657e-07,6.381956e-08,2.5725807e-08,-1.9018321e-08,-1.4242194e-09,1.38976155e-08,3.2940672e-08,7.462766e-08
58,Ce,-6.180176e-08,9.2538315e-08,2.963293e-09,5.760395e-08,5.615223e-08,9.353529e-08,1.5617312e-08,2.4797817e-08,-4.9834515e-08,6.705253e-08,-1.6700922e-08,6.7726425e-08,7.002516e-08,-3.249585e-08,2.0547958e-08,9.109665e-08,-1.8572308e-08,1.193098e-07,3.103074e-08,-2.4586413e-08,-9.497708e-08,2.0310837e-08,2.7548865e-08,-1.3106827e-09,6.5014994e-08,-3.1894018e-08,-9.708249e-08,-6.3489104e-08,-1.2971225e-07,1.0892021e-08,-8.153196e-08,6.689426e-08
59,Pr,9.585835e-09,-7.275003e-08,8.614701e-08,-1.2941232e-08,-5.506721e-08,-3.2505496e-09,2.5157924e-08,1.0838969e-08,3.5346584e-08,2.7576952e-09,5.049893e-08,4.052828e-09,4.186267e-08,-7.9922984e-08,3.8758317e-09,3.2556112e-08,-5.7077926e-08,1.4776844e-09,6.416996e-08,1.7642002e-08,8.532494e-09,-1.1064202e-07,1.4980806e-08,-7.932151e-09,5.752616e-09,1.0812357e-07,-6.146809e-08,3.53239e-08,2.4916515e-08,1.6692265e-08,-8.92306e-10,4.9601482e-08
60,Nd,5.9150477e-08,6.1469265e-08,-5.2351776e-08,-4.08209e-08,3.858764e-08,1.32812055e-08,-2.6261814e-08,-4.2791054e-08,7.102856e-08,-8.1475605e-08,3.561794e-08,-8.13787e-08,-3.2164827e-08,-1.0442001e-07,-6.629897e-08,1.0925801e-07,8.1377884e-08,-2.4682619e-08,1.0452806e-07,-4.1033264e-08,-4.966476e-08,2.2930088e-08,-9.317753e-08,-3.323554e-08,1.717437e-08,-3.812672e-08,1.6571368e-08,-1.3907636e-08,-6.654353e-08,-3.567402e-08,-4.967553e-08,3.448224e-09
61,Pm,4.744152e-08,-1.323384e-07,-1.8074966e-08,-6.0181864e-09,8.319547e-09,2.7479029e-08,3.0428797e-08,-2.9447524e-08,-6.047289e-08,5.3171767e-08,-2.4612348e-08,-6.923125e-08,6.820559e-08,9.4462386e-08,3.731898e-08,7.555932e-08,1.5841763e-08,1.6399074e-08,1.5735031e-08,4.515431e-08,1.5153826e-07,1.837395e-08,9.454944e-08,-3.85554e-08,-1.1804746e-07,-7.771899e-08,-3.2272135e-10,3.749142e-08,-8.141738e-08,7.335468e-08,4.846422e-08,-1.1171163e-07
62,Sm,-9.495765e-08,2.6101572e-08,5.077095e-08,7.680861e-08,2.9742816e-08,-2.5648738e-08,-1.33539455e-08,-1.4940325e-08,2.8907525e-08,7.564355e-08,1.2861678e-07,9.577297e-08,1.19000745e-07,-2.9072044e-08,7.930649e-08,-6.4819865e-08,-8.587349e-09,4.5215927e-08,2.6364756e-08,5.4605437e-08,-7.3724e-08,1.1654391e-08,1.1751655e-07,8.169108e-08,5.8773168e-08,4.3348464e-08,3.0579955e-08,2.6668046e-09,2.9367737e-08,4.144906e-08,-2.825902e-08,4.1663146e-08
63,Eu,2.3329669e-08,2.246666e-09,6.4274055e-08,-6.3194103e-09,-2.446771e-08,-1.3375429e-08,-4.793344e-09,4.260507e-08,5.2790103e-08,3.8532374e-08,-5.2828852e-08,2.4044866e-08,3.563952e-08,2.9259905e-08,6.805198e-08,-7.395756e-08,-9.3011545e-09,-5.4337548e-08,6.9328856e-08,1.2064868e-08,2.301688e-08,-5.0528264e-08,1.0028709e-07,-1.059221e-07,2.2463732e-08,5.8398907e-08,8.925452e-08,-1.1802108e-08,3.3758045e-08,-7.2609367e-09,1.9830766e-08,-2.6464027e-08
64,Gd,1.2054208e-07,1.2524534e-07,6.6594346e-08,7.568223e-08,-6.684425e-08,-2.01828e-09,-6.3302195e-08,5.532066e-09,5.0490808e-08,2.3755241e-08,-2.5778439e-08,2.0973003e-08,8.41362e-08,-1.3237205e-07,1.1199549e-07,-6.2451846e-08,-5.4320388e-08,4.84064e-08,-5.135372e-08,-5.6482072e-08,-1.1946926e-08,9.62427e-08,8.403476e-08,-2.7160986e-08,-6.332612e-08,3.3467177e-08,-9.566072e-09,-9.289248e-08,-3.8745412e-08,-4.1841477e-09,-9.457199e-08,-3.1025127e-08
65,Tb,4.9235673e-08,1.812836e-08,6.8760935e-09,-1.6204606e-08,-1.0419286e-08,-7.37128e-08,-8.3135674e-08,-7.091443e-08,-2.0121185e-08,7.656419e-08,-3.5931688e-08,-3.440442e-08,-4.4126338e-08,-2.6315382e-08,-4.6772854e-08,-1.580367e-07,3.5885396e-08,-1.8696854e-08,3.615375e-08,6.370538e-08,6.384113e-08,-1.2126708e-07,2.6960678e-10,-7.47063e-08,-2.740402e-08,2.3076439e-08,-6.458948e-08,-6.1357305e-08,-4.4182308e-08,1.02520644e-07,9.331507e-08,2.0958996e-08
66,Dy,1.2350762e-08,-3.7458754e-08,-6.6323416e-08,3.0437204e-09,1.7930313e-08,4.5023626e-08,2.4699668e-08,-4.84448e-08,-7.390035e-08,1.1134446e-08,-1.0109722e-07,2.9514144e-09,-1.8797666e-08,-3.917964e-08,4.962013e-08,4.629734e-08,-1.868314e-08,3.0253503e-08,9.1760995e-08,-8.532748e-09,-6.149569e-08,-3.2186257e-08,6.6979e-08,-4.121234e-09,7.1407456e-08,3.9701717e-08,-2.4787962e-08,5.4078484e-09,7.603534e-08,-3.8528146e-08,-4.534196e-08,3.5128842e-09
67,Ho,1.9411754e-08,6.3881885e-08,-4.7312554e-08,-5.7326936e-08,-7.6310876e-08,-1.232999e-09,-9.817311e-09,-1.4859266e-08,-8.825932e-08,-3.054948e-08,-3.580872e-08,2.168601e-08,-5.95754e-08,3.5734747e-08,-5.2874086e-08,1.7227019e-07,3.336763e-08,-7.3622477e-09,6.7536774e-08,-6.9343315e-08,-4.1038875e-09,4.316968e-08,-1.594095e-08,1.3290762e-07,-5.5372702e-08,-2.887845e-08,1.9627159e-08,-4.354898e-08,-6.6338735e-08,-3.7039218e-08,3.3139226e-08,3.5095194e-08
68,Er,5.1862323e-09,-7.1754755e-08,5.853846e-09,7.75826e-09,-1.2640582e-08,-5.032532e-08,4.148142e-08,4.263845e-08,5.070206e-08,2.9825344e-08,-1.9365523e-08,4.5596906e-08,-2.9103514e-08,-1.1743633e-07,-7.500592e-08,-4.1687816e-08,3.532507e-08,-6.4991634e-10,7.0662466e-08,-3.27579e-08,1.0144388e-08,-2.8904381e-08,3.667976e-08,-1.8997898e-08,5.8734912e-08,-1.42493395e-08,-5.996563e-08,5.5819086e-08,-2.682182e-08,-5.56196e-08,-1.0732339e-07,2.553135e-08
69,Tm,3.79353e-08,-4.0311726e-08,-6.6022245e-08,2.398568e-08,2.2551578e-08,2.2128521e-08,-6.3228576e-08,-7.8287975e-08,7.164538e-08,-3.5270553e-08,1.0763256e-07,-2.6822406e-08,-8.689537e-08,-3.287704e-08,5.2382052e-08,1.4700323e-08,1.580892e-08,-2.3948388e-08,5.9430317e-08,-8.4748294e-08,-3.831528e-08,-2.112752e-08,5.9299428e-08,2.9939418e-08,-1.1494251e-09,2.5097775e-09,-3.6770047e-08,8.211094e-08,-7.9103195e-08,-5.0918246e-08,1.288122e-08,1.8550795e-08
70,Yb,-1.3342338e-07,-4.839189e-08,-3.948002e-08,5.3212776e-08,-3.5939292e-09,4.9266415e-08,1.2393961e-07,9.089098e-08,2.0169779e-08,8.363131e-09,-5.0815576e-08,-1.3273137e-08,-5.874483e-08,-1.1468475e-07,1.651146e-09,-3.3835928e-08,1.0604783e-07,1.2343025e-08,5.5637635e-08,-7.603295e-08,2.569693e-08,5.0798388e-08,-2.3014614e-08,4.918893e-09,-7.4098248e-09,-6.7556705e-08,4.483157e-09,1.4103662e-07,3.9156635e-08,-6.48464e-08,7.617834e-09,3.2467305e-08
71,Lu,5.3458535e-08,-9.890372e-08,1.0548579e-07,5.121675e-09,-3.3576026e-08,2.8626637e-08,-1.5641875e-08,-5.283914e-08,2.5498168e-09,6.874063e-08,-6.479732e-08,-5.5810617e-08,-3.4199253e-08,9.251452e-10,2.3096195e-08,-4.183471e-08,-6.041575e-09,-9.177973e-08,1.8676913e-07,-5.7377257e-08,-7.251138e-08,-6.983192e-08,-7.452813e-08,1.0153801e-07,2.6507582e-08,8.411014e-08,-1.2816402e-08,9.814355e-09,-1.3118386e-08,-7.272211e-08,5.820708e-08,-3.1395428e-10
72,Hf,0.30722058,0.20974617,0.0002285449,0.1831725,-0.41950145,9.5637406e-05,0.4124915,-0.23812139,-0.00018494473,0.24968366,-0.2402942,0.00020718112,5.0491413e-05,-6.847983e-05,-0.1635373,-0.18737802,0.00019241004,0.28496182,0.33542907,0.4284981,0.17038019,0.00013672226,-0.28516665,0.66563535,-0.0001164963,0.31993428,-0.39095083,0.18945512,-0.22396196,-0.000114305294,0.4043365,0.48111206
73,Ta,1.026746e-07,6.567696e-08,-7.308103e-08,-4.6276982e-09,1.9894467e-08,1.9421119e-08,-2.5455835e-09,-6.9025496e-08,2.771094e-08,1.2900048e-07,-1.7112505e-08,3.465437e-08,-1.8503025e-08,2.5773854e-08,-8.3850104e-08,-9.60194e-08,1.0400103e-07,4.0804487e-08,-3.2612102e-09,3.1044014e-08,3.8752734e-08,2.869338e-10,9.255168e-08,9.228656e-08,5.9716454e-09,2.4688283e-08,4.2961407e-08,1.0002299e-07,-3.1730053e-08,6.2529175e-08,-2.8021091e-08,-1.200402e-07
74,W,4.5356362e-08,1.3294849e-08,-5.769148e-08,3.6081765e-08,-8.552816e-08,-7.318767e-08,-1.27428486e-08,7.264422e-09,7.431019e-08,5.228513e-08,1.4524267e-08,-1.3473396e-09,7.055392e-08,-1.8012361e-08,6.427044e-08,1.1621442e-08,-2.7615563e-09,-2.8137304e-08,-7.766488e-08,9.492156e-08,-8.833614e-08,-8.4597694e-08,4.9770847e-08,8.3814584e-08,2.308698e-08,3.748769e-08,2.5650507e-08,5.0788053e-08,5.440935e-09,2.5745717e-08,3.9114706e-08,1.4805544e-08
75,Re,6.729805e-08,-2.1756021e-08,-9.59761e-08,1.9491937e-08,9.5807955e-08,2.3132978e-08,6.550511e-08,3.5402465e-08,5.650601e-08,-1.1334069e-07,-5.9504714e-08,1.1889335e-08,-1.0826895e-07,-1.32298466e-08,-1.4309155e-08,-3.6706467e-08,-8.5718575e-08,-3.49692e-09,8.9910074e-08,-2.3699863e-08,-4.238674e-08,6.8683896e-08,5.5239227e-08,1.8415367e-08,3.700591e-08,-2.2227683e-08,1.6600758e-08,6.841379e-08,1.8434498e-09,-1.0225676e-09,-7.46862e-09,2.6980516e-09
76,Os,4.926151e-09,4.8846536e-09,-1.4201693e-07,8.148747e-08,5.1155724e-09,-4.5582155e-08,-5.4113308e-08,-4.4724395e-08,9.647993e-08,-3.1824893e-08,-2.4578608e-08,-2.6530632e-08,-2.8024644e-08,3.6146854e-08,-5.4596597e-08,1.02182485e-08,-3.595068e-08,9.231552e-08,-1.1200534e-08,-5.565004e-08,-4.3402842e-08,4.166728e-08,1.9308999e-08,1.8709771e-07,2.5444098e-09,8.084709e-08,-3.180543e-08,2.346771e-08,-3.774109e-08,2.7268257e-08,5.4999056e-08,-1.2611394e-08
77,Ir,1.32300375e-08,-5.7270135e-08,1.1880266e-08,3.0350275e-08,3.811156e-08,-1.0376111e-07,2.0455172e-08,3.6397076e-08,-9.093095e-08,-1.6710237e-08,-1.2577549e-08,1.3943861e-08,-2.380785e-08,-8.27197e-08,3.898748e-08,-3.770212e-08,-7.5834166e-08,-2.4824592e-08,2.418603e-09,-1.4402832e-07,2.0105713e-08,-2.9715729e-08,-5.678325e-08,3.1119793e-08,5.709821e-09,-2.4778624e-08,-2.6164887e-08,-4.5984123e-08,-1.7283497e-08,7.061458e-08,-1.7411785e-09,-5.8823105e-08
78,Pt,-4.4881947e-08,3.5415777e-09,3.313818e-08,5.7622664e-08,-2.3681887e-08,5.1335522e-08,4.654711e-08,-1.7626303e-09,-1.1813019e-08,-6.945009e-09,-5.6066106e-08,-1.9251507e-08,3.2802037e-09,4.191645e-08,1.8050375e-10,-2.9522981e-08,4.360078e-08,5.9618046e-08,-6.35698e-08,6.719643e-08,2.317324e-08,-9.504051e-09,4.7711115e-08,1.32075035e-08,1.3502113e-08,-1.111121e-08,-3.0894885e-08,4.931422e-08,5.846976e-08,2.8152655e-08,3.3911963e-08,5.2720164e-08
79,Au,8.0710336e-08,-2.9049485e-08,2.568133e-08,-6.759201e-08,2.8699802e-08,9.314962e-09,-4.490014e-08,-7.125298e-08,-7.7173475e-08,9.899826e-08,5.150947e-08,1.514513e-08,-1.6473818e-09,1.6690304e-08,2.1562332e-08,4.3452168e-08,-6.626326e-08,8.7627406e-08,-7.537835e-08,8.709689e-08,-4.846744e-08,-1.0246688e-08,-4.6663015e-08,-5.4413462e-08,-8.397868e-08,5.4903737e-08,-7.932906e-08,2.147307e-08,5.2918494e-08,4.657664e-08,5.311205e-08,7.780393e-08
80,Hg,-2.7840855e-08,1.669869e-08,6.3355955e-08,1.4689263e-08,9.35253e-09,-4.38078e-08,-8.505358e-08,-5.3444538e-08,5.0525212e-08,-2.425285e-08,-1.0169603e-08,8.6588e-09,-9.183942e-08,2.0901496e-08,-6.6956495e-08,-1.5306748e-07,4.7273762e-08,-3.6403673e-08,-5.166968e-08,-9.598682e-08,5.0930094e-08,-5.297951e-09,3.5876777e-08,2.7758194e-08,1.4502373e-08,-1.747262e-08,-1.2664794e-08,-2.2851589e-08,1.7601831e-08,1.0135352e-07,3.6306975e-08,-6.052213e-09
81,Tl,-1.5747638e-08,1.0500375e-07,-1.3462101e-08,-9.650884e-08,5.6517507e-08,1.3113967e-08,-3.63962e-08,1.0059173e-08,-2.9031946e-09,-3.591484e-08,1.3824234e-08,-2.0968328e-08,-4.598347e-08,-1.3083012e-07,-2.6726246e-09,1.16018754e-07,-3.9881535e-08,-3.3928075e-08,1.9867889e-08,3.5855322e-08,-1.1812369e-08,-3.310788e-08,-1.1083196e-08,1.2280253e-08,6.940664e-09,-8.4117524e-08,-4.3923237e-08,2.913689e-08,-1.11364855e-07,-7.609922e-08,8.0232766e-08,1.0196302e-08
82,Pb,0.59079134,0.17020437,0.0003058977,0.35013852,-0.37119067,0.00017998772,-0.0657101,-0.31817746,-0.0003107243,-0.7680111,-0.11888202,0.00030593548,4.1546176e-05,-0.00023350195,0.22972696,-0.47045448,5.2799292e-05,0.21950278,0.38963854,0.3489883,0.5387501,0.00027901627,-0.3042659,0.19601569,-0.00013664029,-0.035860732,-0.009723484,0.32094413,-1.2077901,-0.00018403913,0.47714767,-0.76672786
83,Bi,-6.584834e-08,2.423824e-09,1.3478044e-07,-1.0949694e-08,6.551829e-08,1.9463416e-08,7.2183695e-08,7.262751e-08,4.425947e-08,8.570697e-08,-8.9305854e-11,-2.9699795e-08,-6.749336e-08,-4.9559212e-08,4.5671724e-09,-2.039403e-08,7.169767e-08,-7.543336e-08,-2.2539442e-08,2.081224e-08,-3.8541877e-08,-3.6754205e-08,-1.5081884e-08,6.823264e-08,-4.4130135e-09,9.200491e-08,3.4884064e-08,4.647405e-08,1.1918918e-08,-1.2149155e-08,2.967827e-08,4.2501963e-08
84,Po,4.744702e-08,2.410563e-08,-4.0572763e-09,1.21062e-07,-4.444651e-08,1.3561316e-07,4.4879535e-08,-1.3025453e-08,4.2260844e-08,3.3062392e-08,-5.8931413e-08,-5.531649e-08,7.041075e-08,-1.5631057e-08,-6.371474e-08,5.467387e-08,-1.1717394e-08,2.942874e-08,-9.481875e-09,-2.3019581e-08,-9.592477e-09,-1.2666709e-07,-1.4987214e-07,3.9879864e-09,-3.9560257e-09,-5.148579e-08,6.698805e-08,8.1227896e-09,-2.9095734e-08,1.04995294e-07,9.427253e-08,6.338451e-08
85,At,-2.6145972e-08,-1.7758161e-11,1.0349605e-07,-1.2997604e-07,-7.498658e-08,-1.00336884e-07,-3.4281907e-08,-2.468167e-08,-5.4096617e-08,-6.031894e-08,-2.8742441e-08,2.2981754e-09,-7.5344936e-08,2.0686801e-09,-4.9255448e-08,5.479382e-09,4.169927e-08,6.144274e-08,-4.2773316e-08,-4.3190482e-08,-4.2931077e-08,3.966872e-08,1.7415324e-08,1.2260546e-08,-2.1515811e-08,5.583049e-08,-1.03843114e-07,-6.6466193e-09,4.128814e-08,5.5453675e-08,-3.2344108e-08,-3.0660285e-08
86,Rn,-5.8621872e-08,-4.6636895e-08,1.3406201e-09,-3.2098193e-08,4.9596487e-08,-7.856419e-08,5.6580724e-08,-3.026193e-08,-8.483129e-08,3.2500417e-08,1.4389663e-07,2.1284452e-08,6.844746e-08,4.354864e-08,-2.8897702e-08,-5.665261e-09,4.1789598e-08,-6.9590804e-08,1.2338911e-07,3.5584616e-08,7.710522e-08,-1.4726556e-08,3.317097e-08,2.1163977e-08,5.8468107e-08,1.09667056e-07,-1.1020012e-07,-6.382093e-09,3.3176246e-08,-4.8698297e-08,2.537035e-08,-1.675232e-08
87,Fr,9.490398e-08,3.450594e-08,-3.483899e-08,7.8565286e-08,-6.433371e-08,-4.2021835e-08,3.0982092e-09,-4.159785e-08,2.1048912e-08,-1.5873994e-08,1.2570844e-07,-6.766314e-08,8.2839705e-08,-5.2459903e-08,-4.8466834e-08,-2.048533e-08,-3.5738935e-08,1.0259427e-08,8.845259e-09,-5.0118658e-08,8.350074e-08,-1.4773758e-08,-8.363239e-09,1.7473853e-07,-7.665609e-08,-4.634614e-08,-5.2090797e-08,-3.6692935e-08,-6.897841e-08,5.3071485e-08,-3.7644803e-08,2.806879e-08
88,Ra,-6.34676e-08,8.058947e-08,2.52708e-08,-6.883049e-08,3.7347494e-08,-1.0554203e-07,-6.98249e-08,-7.4797654e-08,-4.3381412e-08,-5.7245856e-08,-7.4469604e-08,-1.1063167e-08,4.1101895e-08,-2.3391262e-09,4.6040647e-08,2.6370255e-08,5.1140675e-10,6.858392e-09,3.2398257e-09,5.16757e-09,-1.6051839e-08,-4.4510995e-10,-2.7937102e-08,-1.557105e-08,2.719888e-08,-4.5535952e-08,8.571254e-08,-5.817307e-08,2.4888086e-08,3.2947074e-08,-1.2368795e-08,-2.1628004e-08
89,Ac,-3.6423646e-09,7.569682e-09,8.508021e-08,4.5235797e-08,4.395773e-08,-3.2366426e-08,-5.2496134e-08,-1.5690839e-08,-7.347798e-08,8.520517e-09,1.687596e-08,-1.8263588e-08,5.967303e-08,5.996961e-09,1.1620759e-08,1.2187577e-09,6.7852373e-09,-8.9328667e-10,-3.6650132e-08,-4.2910855e-08,1.5309443e-08,6.243975e-08,-3.027818e-08,4.756105e-08,7.1521804e-08,8.16424e-08,-2.3076012e-09,-1.563383e-08,-1.3398947e-07,4.594469e-08,-6.891074e-08,3.679495e-08
90,Th,4.7612986e-08,2.6757519e-08,-3.622679e-08,-2.0839645e-08,3.813681e-08,6.800229e-08,-7.414595e-08,-4.1730093e-08,-8.256921e-08,-2.6349586e-08,1.565499e-08,6.7850344e-08,2.6013161e-08,1.07725995e-07,-5.076796e-08,-1.6746908e-07,1.9778659e-08,1.3213308e-08,4.8699597e-08,-1.9452864e-08,-6.7031e-08,-7.245856e-08,-6.798956e-08,6.085123e-08,-6.380927e-08,-2.6396876e-08,-6.279379e-08,7.940079e-09,-3.3325556e-08,-3.6563524e-08,1.99578e-08,-3.3671352e-08
91,Pa,9.792022e-08,6.594399e-09,-4.3784983e-08,6.455594e-09,-3.9800984e-08,2.0479034e-09,-3.1584097e-08,5.6612755e-08,3.881188e-08,7.8508535e-08,-2.1733726e-08,-1.467804e-09,5.621274e-08,-1.3647009e-08,-3.4499106e-08,-2.3909625e-08,-4.7888353e-08,3.039304e-08,-2.130664e-08,7.34905e-08,6.806208e-08,5.2977036e-08,-1.2176473e-07,-5.906439e-08,-5.928768e-09,-4.781785e-09,6.608615e-08,-6.8731595e-08,1.9991075e-08,-2.7217911e-08,3.621863e-08,-4.8226034e-10
92,U,-1.1372539e-07,-2.7107657e-08,-7.432913e-08,-2.259473e-08,4.9622113e-08,-4.0882625e-08,8.800749e-08,-1.0349529e-07,5.4603753e-08,7.240666e-08,-4.637259e-09,-6.745709e-08,-1.355355e-07,-5.3530044e-08,-2.8647648e-08,5.3998623e-09,-7.591754e-08,7.202071e-09,5.0907907e-08,8.3432816e-08,-1.472198e-08,-4.3431776e-08,4.1408516e-08,2.9444497e-08,-9.1662145e-09,-2.8317906e-08,9.304322e-08,3.0725072e-08,-3.6491063e-08,-2.0931552e-08,1.0263593e-07,5.3509957e-08
93,Np,3.0683307e-08,2.8486076e-09,4.1712568e-08,6.90039e-08,3.8829366e-08,-2.4963331e-08,2.3320485e-08,-2.9289357e-08,-6.8533e-08,6.611661e-08,2.9120015e-08,-7.482379e-08,-4.142093e-10,-6.05078e-08,7.7230546e-08,4.8080288e-08,4.1891713e-08,2.1218092e-08,-6.901946e-08,-1.2427425e-07,1.05279284e-07,3.5014033e-08,-5.673199e-08,-1.4656143e-08,2.5048401e-09,3.9357797e-08,-5.5410375e-08,-1.05795664e-07,-2.97952e-08,1.5451727e-09,2.2043896e-08,2.6215087e-08
94,Pu,5.0457693e-08,-2.83918e-08,5.199398e-08,3.8728256e-08,1.6149666e-08,-1.0879111e-08,1.1114108e-07,-1.9643755e-08,5.866314e-08,9.1080445e-08,-3.610337e-08,-5.988285e-08,7.2218285e-08,3.2874166e-08,1.14315455e-08,1.4160784e-07,-6.722197e-09,9.456969e-09,1.2882649e-07,2.3493278e-08,-7.913575e-08,-1.3128573e-08,4.4261828e-08,8.363888e-08,-2.3106951e-08,6.278195e-08,7.49933e-08,-1.05091885e-07,7.167699e-08,-5.208285e-08,7.724753e-08,-3.342974e-08
95,Am,-6.4767685e-09,2.0838995e-08,5.9085217e-08,-5.7022383e-08,4.2054282e-08,-5.5081898e-08,-4.9677762e-08,-4.1066876e-08,1.1192765e-07,6.9659203e-09,2.7126763e-08,5.629275e-08,-5.148244e-08,2.0487602e-07,-1.47312385e-08,-4.9152082e-09,-2.4636634e-08,-3.3922056e-09,8.672416e-08,-6.009627e-08,-7.685086e-08,-6.602299e-08,-8.847268e-09,7.418179e-08,-5.680222e-08,8.910311e-08,7.812987e-08,-1.3964906e-08,2.8198095e-08,5.91196e-08,6.748117e-08,-1.8770425e-09
96,Cm,-9.432033e-09,-2.009903e-08,1.5716024e-08,-1.6703025e-08,7.131511e-08,8.6606946e-08,-4.4263572e-08,3.8665307e-09,-5.8877404e-08,6.3729225e-08,-5.8733306e-08,-9.128193e-08,-3.3722806e-08,-3.6037e-08,-5.526129e-08,-1.8990843e-08,-7.830881e-08,-4.4644224e-08,1.406098e-08,-5.5057583e-08,-7.9585194e-10,-2.7831145e-08,4.4346383e-08,4.279628e-08,-3.665646e-08,7.7615915e-08,6.977721e-08,1.1022732e-07,-5.680483e-08,5.690997e-08,7.229277e-08,-1.7629736e-08
97,Bk,7.535326e-08,5.7728707e-11,5.961357e-08,-7.740375e-08,-6.608786e-08,2.5962324e-08,-2.043976e-08,5.727921e-08,2.0753129e-08,1.2412956e-08,9.822056e-09,-1.16817745e-07,-1.2227682e-07,-5.180062e-08,1.968904e-09,2.9450035e-08,4.006985e-09,-4.1308903e-09,-1.8906592e-08,-8.6803675e-10,3.3173386e-08,1.0883525e-08,7.322884e-08,9.016205e-09,-7.6525815e-08,-1.9077019e-08,7.3914826e-08,4.840651e-08,1.0750315e-08,-5.1499928e-08,-8.024959e-08,1.0316623e-07
98,Cf,1.6437083e-08,1.0074316e-08,6.005552e-08,2.050288e-08,-6.051629e-08,-1.504513e-09,-8.423967e-09,4.9390987e-08,1.3902117e-09,4.0497863e-08,1.168964e-07,-2.6002356e-08,-9.849743e-08,-2.408176e-08,3.4385308e-09,2.239432e-08,3.4582627e-08,1.5211151e-08,-7.282078e-08,1.2349136e-08,-3.2414388e-08,4.2026054e-09,3.682887e-08,2.3661649e-08,7.708507e-08,-4.74367e-08,-7.1700432e-09,-2.0358161e-08,7.6292814e-08,2.1731086e-08,-3.092574e-08,2.4763697e-08
99,Es,8.54277e-08,-2.8969932e-08,5.2889767e-08,7.98358e-08,-3.217204e-08,-8.017531e-08,7.024302e-08,5.7165984e-08,-8.3925634e-08,-8.572421e-08,-4.369599e-08,-2.4930252e-08,-2.9273929e-08,-4.3128846e-08,-1.03141154e-07,1.1160177e-08,4.6627353e-08,4.1648917e-08,3.8811372e-08,5.4383054e-09,-5.2093746e-08,-1.3642277e-09,1.4508002e-08,-3.9702122e-08,3.174774e-08,7.176441e-08,-3.742261e-08,4.157033e-08,-4.22042e-10,1.6646311e-08,-2.5937535e-08,-3.6762795e-08
