Species,Count,Min,Max,Mean,Std_Dev,Abs_Max,Nominal_Valence,Anomaly_Ratio,Is_Anomalous
Cu,5781,-1.33752911,901.60102962,1.31890190088393,23.700805539551325,901.60102962,2.0,450.80051481,True
O,222579,-387.23959918,806.97331169,-2.163783084723132,4.476439095807254,806.97331169,-2.0,403.486655845,True
Te,8679,-627.07113875,15.89701709,-0.49505562197833863,14.009434617348896,627.07113875,-2.0,313.535569375,True
P,12954,-375.09245306,25.14216807,1.2305874753203645,7.134266799454434,375.09245306,5.0,75.01849061200001,True
In,4314,-167.97528409,5.19768869,2.8237721139383405,5.253932884351565,167.97528409,3.0,55.99176136333333,True
Sb,7143,-6.51694173,162.16983462,2.8770683667940644,5.6074545691549424,162.16983462,3.0,54.05661154,True
Ca,10560,-102.95864856,4.22958514,2.41634366815625,1.4904704709000018,102.95864856,2.0,51.47932428,True
I,14292,-76.86896644,35.83098126,-0.9299467100433808,2.0809507680210837,76.86896644,-1.0,76.86896644,True
S,40656,-11.1792586,59.1821288,-1.8152694072687916,1.4704034712575977,59.1821288,-2.0,29.5910644,True
Li,14145,-27.17851004,2.20790588,1.0750611981449276,0.46990277108999384,27.17851004,1.0,27.17851004,True
V,2226,-20.75716378,13.74223647,4.404098013256963,2.0735219173032533,20.75716378,5.0,4.151432756,True
Lu,1185,-13.83333914,17.66268967,3.7250327169704645,1.479319268377599,17.66268967,,,False
Zn,5901,-16.58284244,3.78246791,2.0745801438705302,0.6010284003027027,16.58284244,2.0,8.29142122,True
Cl,24957,-6.0851691,13.36258669,-1.1358382755880114,0.8722382407484867,13.36258669,-1.0,13.36258669,True
Ta,4197,-5.55001631,13.1024846,6.1738916497593515,2.250225568742198,13.1024846,5.0,2.62049692,True
W,2673,-2.77839929,13.05633892,6.103405862442949,2.6368349561951154,13.05633892,6.0,2.1760564866666665,True
Mo,1494,-3.29550806,12.19045622,4.175167395749665,2.2347698097268256,12.19045622,6.0,2.0317427033333333,True
Ti,4983,-1.71676882,11.63370595,5.5093030691290386,1.5654163767241929,11.63370595,4.0,2.9084264875,True
Se,21093,-11.62636668,6.98878877,-1.5687912822377093,1.6954738220860528,11.62636668,-2.0,5.81318334,True
Nb,3732,-5.73295003,11.53013591,5.746923607229368,2.7663716587399443,11.53013591,5.0,2.3060271820000002,True
As,6654,-5.61207601,11.32940507,0.5774088042996693,2.9292972789408225,11.32940507,3.0,3.776468356666667,True
N,15594,-11.0684429,7.02726097,-2.517595156417853,1.4165854285362829,11.0684429,-3.0,3.689480966666667,True
Zr,3963,0.74713223,10.30618549,5.252783841559425,1.2098216048935861,10.30618549,4.0,2.5765463725,True
C,3954,-5.04142347,10.22588679,0.612522296590794,2.0490622279002055,10.22588679,4.0,2.5564716975,True
U,519,3.04775076,10.13898446,5.873494280578035,1.12753066777144,10.13898446,,,False
Ge,5724,-8.49177817,10.04718653,2.722986620408805,1.7826860917430203,10.04718653,4.0,2.5117966325,True
Re,195,-8.31853629,9.72533012,0.022864282512820504,5.1221065272040365,9.72533012,7.0,1.3893328742857143,False
Bi,6384,-7.12896329,9.69414017,4.093622432468671,2.031434406671411,9.69414017,3.0,3.231380056666667,True
Br,15081,-9.43146517,4.69450641,-1.1662124224447983,0.8162198243136866,9.43146517,-1.0,9.43146517,True
H,18546,-2.50837058,9.43146517,0.01973361943761457,0.7098512194349647,9.43146517,1.0,9.43146517,True
Cr,261,-8.02966698,9.34062243,3.248355966819923,3.9595384685994097,9.34062243,6.0,1.556770405,True
Hf,2013,0.99511271,9.20747618,5.134996411947342,1.0657190039808273,9.20747618,4.0,2.301869045,True
Os,426,-8.70426412,3.39798714,-5.1928289394366205,2.3837602032349263,8.70426412,4.0,2.17606603,True
Th,855,1.85254929,8.57236436,5.398354732701754,0.709913484741939,8.57236436,,,False
Cs,11574,-8.56159589,3.81990522,1.339642275177985,0.29192099391999565,8.56159589,1.0,8.56159589,True
Tc,225,-8.49244482,6.80553953,-1.7309416285333332,4.427604690594589,8.49244482,7.0,1.2132064028571428,False
Ce,996,2.06862653,8.31769934,5.465137681285141,0.6454225909794309,8.31769934,,,False
Pd,948,-8.27730775,4.63296977,0.1760382547257384,1.5648264395819544,8.27730775,2.0,4.138653875,True
Fe,411,-8.08706582,1.58598971,-5.50500872080292,2.006083347099351,8.08706582,3.0,2.6956886066666663,True
Mn,102,-8.0267966,2.57948947,-4.113978932254903,3.9586627766065403,8.0267966,4.0,2.00669915,True
Rb,10437,-7.70478605,2.60083378,1.2513856263629397,0.2176660148018949,7.70478605,1.0,7.70478605,True
Sn,5895,-7.35618988,7.6993402,3.137755928922816,1.690717037040633,7.6993402,4.0,1.92483505,True
Ru,474,-7.67272952,5.70293151,-4.034195205421941,3.393089293950178,7.67272952,4.0,1.91818238,True
Pa,87,3.78244563,7.4189945,5.879727319540231,0.8432543722214103,7.4189945,,,False
B,7425,-4.02534777,7.35353577,1.3781219787946126,1.2939129351748502,7.35353577,3.0,2.45117859,True
Pb,4290,-3.81551952,7.20977742,3.3431657636783214,1.2327131730518537,7.20977742,2.0,3.60488871,True
Hg,2547,-0.80607496,7.00926199,2.0818627603533564,0.6784458407811839,7.00926199,2.0,3.504630995,True
Xe,147,-2.678e-05,6.99782897,1.7704331368027209,1.9119940251309937,6.99782897,,,False
Ir,660,-6.99030911,2.93686123,-2.6872020397272727,2.7308756759852235,6.99030911,3.0,2.330103036666667,True
Sc,2721,1.27377344,6.77075661,3.813123220558618,0.7494096342512215,6.77075661,3.0,2.2569188700000002,True
Sm,3570,1.60892418,6.63526878,4.031738125089636,0.5040070270685216,6.63526878,,,False
Ac,78,2.01879755,6.42532463,4.358121186538462,0.8854756727809902,6.42532463,,,False
Tb,2220,0.50516852,6.4019538,3.964069038936937,0.5620037253967275,6.4019538,,,False
La,5409,1.61078114,6.36277896,4.192363985633204,0.5076981636711718,6.36277896,3.0,2.12092632,True
Dy,2127,1.53551378,6.33517146,3.9304208264268925,0.5789472352324101,6.33517146,,,False
Co,897,-6.284753,5.43264158,-0.31713758404682274,3.4569319229924145,6.284753,2.0,3.1423765,True
Ho,1494,1.55230328,6.26966137,3.8287964794109777,0.5653124167227753,6.26966137,,,False
Si,11475,-4.38572192,6.2468437,2.6022681347755987,1.4082910932712085,6.2468437,4.0,1.561710925,True
Er,1461,-1.71605645,6.20269938,3.820118875277207,0.5685689348340295,6.20269938,,,False
Y,5928,0.50306137,6.20018294,3.8349941103896765,0.5317753461680275,6.20018294,3.0,2.0667276466666666,True
Np,15,4.0763914,6.09965728,5.3184555766666675,0.6064043801840268,6.09965728,,,False
Rh,828,-6.0237197,3.80188639,-0.17545638240338163,2.8676080979553036,6.0237197,3.0,2.0079065666666667,True
Nd,3342,-0.16090033,5.98758957,4.054189277462597,0.5653779711954289,5.98758957,,,False
Tm,1947,1.54341091,5.85214882,3.8240596090600927,0.5115560912711555,5.85214882,,,False
Ga,4803,-2.48923463,5.75353748,2.5549441922194465,0.9972098947922341,5.75353748,3.0,1.9178458266666667,True
Pr,3159,1.67723965,5.58119869,4.08286501031339,0.5584721685881188,5.58119869,,,False
Pm,189,1.62441077,5.46553361,3.9986610030158727,0.7451437782592369,5.46553361,,,False
Pt,1359,-4.77292615,5.4136864,0.07057433028697578,2.289326104446136,5.4136864,2.0,2.7068432,True
F,36723,-5.30449095,1.0251488,-1.1570243659948807,0.4770721493981724,5.30449095,-1.0,5.30449095,True
Ba,14454,0.57967784,5.2433148,2.71336889908745,0.3176147127627829,5.2433148,2.0,2.6216574,True
Ag,4920,-1.27923382,5.10333303,1.1481901765060976,0.5592464169162569,5.10333303,1.0,5.10333303,True
Al,8394,-1.34472121,4.97327954,2.687230092734096,0.4787730283693593,4.97327954,3.0,1.6577598466666668,True
Ni,378,-3.99583214,4.96887844,0.3008571492592593,2.312253958468174,4.96887844,2.0,2.48443922,True
Cd,3648,-0.64940977,4.92453578,2.318441088914474,0.47904352548355256,4.92453578,2.0,2.46226789,True
Yb,54,1.81828643,4.85562137,3.6041429522222224,0.6748725567602857,4.85562137,,,False
Au,1701,-3.18773032,4.82573194,0.5613139509112286,1.2596553546905824,4.82573194,1.0,4.82573194,True
Tl,4266,0.41466953,4.7796103,2.20365002798406,0.5928864705916098,4.7796103,3.0,1.5932034333333334,True
Sr,12069,-1.16038916,4.45907008,2.5182658394639157,0.30749306568976387,4.45907008,2.0,2.22953504,True
Mg,9054,-0.90306162,3.88511283,2.0716618227678376,0.3189971520658849,3.88511283,2.0,1.942556415,True
Be,2283,-0.7793897,3.42993915,1.6966546750941744,0.4336957754833635,3.42993915,2.0,1.714969575,True
K,15693,0.35974588,2.48564844,1.2045037812585229,0.17014986969566762,2.48564844,1.0,2.48564844,True
Na,14727,-0.17151318,2.29845491,1.1257564792924561,0.18092723818738154,2.29845491,1.0,2.29845491,True
He,27,-0.02089074,0.0,-0.007556634074074075,0.008645124153165122,0.02089074,,,False
Kr,33,-9.4e-06,1.187e-05,3.0303030303014614e-10,5.858933342185473e-06,1.187e-05,,,False
Ar,9,0.0,0.0,0.0,0.0,0.0,,,False
